"","p_val","avg_log2FC","pct.1","pct.2","p_val_adj","cluster","gene","is_interneruon_marker"
"Sst",2.20398729953175e-56,5.92906980901419,0.232,0.006,6.26946227224803e-52,"12","Sst","Interneuron Marker"
"Npy",2.02430701061235e-64,5.88926452042366,0.258,0.005,5.75834372238788e-60,"12","Npy","Interneuron Marker"
"Crhbp",7.97420971684829e-53,5.79240845024573,0.177,0.002,2.26834369605466e-48,"12","Crhbp","N/A"
"Gad2",4.07764879228632e-70,5.56472694763833,0.247,0.003,1.15992797545377e-65,"12","Gad2","Interneuron Marker"
"Cnr1",2.39205618041104e-26,5.54433673810024,0.106,0.002,6.80444301079723e-22,"12","Cnr1","N/A"
"Gad1",1.99487527682318e-123,5.51614958008204,0.455,0.008,5.67462221245121e-119,"12","Gad1","Interneuron Marker"
"Hcn1",1.34341349877644e-35,5.37527046264874,0.116,0.001,3.82147403861947e-31,"12","Hcn1","N/A"
"Vgf",3.76819854686726e-34,5.37000141624286,0.136,0.003,1.07190175864186e-29,"12","Vgf","N/A"
"Lamp5",4.23282905586084e-29,5.23507314089793,0.116,0.002,1.20407055323018e-24,"12","Lamp5","N/A"
"Serpini1",1.83358042641185e-68,5.19745258916111,0.253,0.004,5.21580288097114e-64,"12","Serpini1","N/A"
"Dpp10",1.53338213032869e-29,4.67995901210997,0.136,0.004,4.36185880793299e-25,"12","Dpp10","N/A"
"Slc32a1",6.61833051983588e-52,4.63356033599872,0.167,0.002,1.88265029967252e-47,"12","Slc32a1","Interneuron Marker"
"Kcnc1",1.23472335626633e-38,4.55072824376807,0.141,0.002,3.51229405923519e-34,"12","Kcnc1","N/A"
"Scn1a",1.6330837894109e-33,4.53063194208786,0.126,0.002,4.64547014735823e-29,"12","Scn1a","N/A"
"Vstm2a",2.5641914963701e-30,4.38201280466382,0.116,0.002,7.2940991305744e-26,"12","Vstm2a","N/A"
"Kcnip4",5.88907257679574e-29,4.33324062000458,0.162,0.008,1.67520558519532e-24,"12","Kcnip4","N/A"
"Plppr4",1.50282107600058e-21,4.29496244704356,0.106,0.004,4.27492483279126e-17,"12","Plppr4","N/A"
"Kcnb1",2.09885605799187e-31,4.26517381548469,0.131,0.003,5.97040594256368e-27,"12","Kcnb1","N/A"
"Tmem130",7.40447450782702e-37,4.21248226825892,0.152,0.003,2.10627681849647e-32,"12","Tmem130","N/A"
"Nrxn3",1.21792123420326e-74,4.18340312918279,0.348,0.012,3.4644987428146e-70,"12","Nrxn3","N/A"
"Nrg3",9.66903331847547e-30,4.18117017693271,0.136,0.004,2.75045321777353e-25,"12","Nrg3","N/A"
"Pclo",5.21968145098294e-31,4.05994797093521,0.152,0.006,1.48479058554661e-26,"12","Pclo","N/A"
"Cygb",3.40071667646066e-31,4.05178174551749,0.126,0.003,9.67367865786e-27,"12","Cygb","N/A"
"Scg2",4.50655611249204e-38,4.0313026057605,0.182,0.006,1.28193495175948e-33,"12","Scg2","N/A"
"Elavl2",1.18043034769595e-38,4.02384836682327,0.177,0.006,3.35785216705589e-34,"12","Elavl2","N/A"
"Gabrg2",6.1929628277936e-23,4.00976951256987,0.101,0.003,1.76165020599417e-18,"12","Gabrg2","N/A"
"Rbfox1",2.58403388867797e-30,3.97520112182369,0.162,0.008,7.35054279973335e-26,"12","Rbfox1","N/A"
"Cntnap2",1.51072883830276e-27,3.9603718235377,0.131,0.005,4.29741925343603e-23,"12","Cntnap2","N/A"
"Sncb",6.92092500810922e-48,3.9307307398535,0.212,0.007,1.96872632780675e-43,"12","Sncb","N/A"
"Meg3",6.89473765653465e-77,3.9218058132514,0.46,0.034,1.96127707377785e-72,"12","Meg3","N/A"
"Gda",8.90554413974517e-30,3.90352786783501,0.136,0.005,2.53327108599191e-25,"12","Gda","N/A"
"Syt1",1.64129101705209e-104,3.88823771218781,0.47,0.017,4.66881642710639e-100,"12","Syt1","N/A"
"Nap1l2",1.76611568925286e-26,3.8254108664106,0.126,0.005,5.0238926896487e-22,"12","Nap1l2","N/A"
"Gria1",1.90873883094809e-44,3.81583401641393,0.222,0.009,5.42959847851493e-40,"12","Gria1","N/A"
"Ralyl",8.76170151039786e-23,3.81247987204421,0.106,0.004,2.49235361164778e-18,"12","Ralyl","N/A"
"Disp2",3.57835269881381e-24,3.80008952889705,0.106,0.003,1.01789820870458e-19,"12","Disp2","N/A"
"Rab3c",7.24492740255177e-54,3.6835493519741,0.242,0.008,2.06089204892988e-49,"12","Rab3c","N/A"
"Pde1a",6.47620150261629e-24,3.65179077346775,0.121,0.005,1.84222027943423e-19,"12","Pde1a","N/A"
"Ndrg4",3.25429958714486e-117,3.64631277490637,0.611,0.035,9.25718060559227e-113,"12","Ndrg4","N/A"
"Syp",3.56486715771172e-44,3.64023131806051,0.217,0.009,1.01406211168268e-39,"12","Syp","N/A"
"Etl4",8.61415556868554e-21,3.63036545315382,0.126,0.008,2.45038269306829e-16,"12","Etl4","N/A"
"Slc6a1",5.25699116302327e-43,3.62724306763037,0.263,0.017,1.4954037062336e-38,"12","Slc6a1","N/A"
"Snhg11",3.07435101155497e-59,3.59705093831324,0.348,0.022,8.74529888746926e-55,"12","Snhg11","N/A"
"Syt4",2.869879575652e-19,3.57575210554204,0.101,0.005,8.16365944089968e-15,"12","Syt4","N/A"
"Atp2b2",1.36562944279878e-28,3.54879181100082,0.131,0.005,3.8846695129854e-24,"12","Atp2b2","N/A"
"Erbb4",1.69791967108788e-19,3.54120562695523,0.141,0.012,4.8299022963766e-15,"12","Erbb4","N/A"
"Rgs7bp",6.7853000620182e-59,3.50147659714677,0.278,0.011,1.9301464556417e-54,"12","Rgs7bp","N/A"
"Atp1b1.2",5.468581559247e-98,3.47419329911947,0.596,0.048,1.5555927103434e-93,"12","Atp1b1","N/A"
"Fgf12",1.05638515999774e-34,3.43609834981601,0.172,0.007,3.00499322612958e-30,"12","Fgf12","N/A"
"Cplx1",7.04932696654309e-74,3.40983794521785,0.343,0.014,2.00525154890285e-69,"12","Cplx1","N/A"
"Syt13",6.43752843088921e-26,3.40357534907291,0.116,0.004,1.83121933745075e-21,"12","Syt13","N/A"
"Kcnj3",2.77418405488343e-20,3.40001361533774,0.101,0.004,7.89144396252141e-16,"12","Kcnj3","N/A"
"Csmd1",5.58970191873484e-16,3.37389229662758,0.121,0.012,1.59004660780331e-11,"12","Csmd1","N/A"
"Nefm",4.03555720503326e-31,3.37262056061999,0.182,0.011,1.14795460254376e-26,"12","Nefm","N/A"
"Nrip3",1.94655494483358e-31,3.36519466282318,0.146,0.005,5.5371701960736e-27,"12","Nrip3","N/A"
"Elavl4",1.6701067695916e-22,3.33205415223547,0.106,0.004,4.75078571678027e-18,"12","Elavl4","N/A"
"Slc12a5",7.30096807559754e-26,3.3239355694829,0.121,0.005,2.07683337878448e-21,"12","Slc12a5","N/A"
"Rab3b",1.29600055699581e-22,3.31648661203835,0.121,0.006,3.68660318443027e-18,"12","Rab3b","N/A"
"Gria4",6.38887903414202e-19,3.29660651332279,0.111,0.007,1.81738053005204e-14,"12","Gria4","N/A"
"Spock2",1.62579645957928e-23,3.24133689991684,0.131,0.007,4.62474060891921e-19,"12","Spock2","N/A"
"Pam",1.45998231809262e-20,3.23474009641526,0.126,0.008,4.15306570204627e-16,"12","Pam","N/A"
"Resp18",2.67818361938328e-25,3.22774881564195,0.146,0.008,7.61836112369767e-21,"12","Resp18","N/A"
"Cend1",6.76426651474387e-44,3.20340249631703,0.242,0.014,1.92416325278404e-39,"12","Cend1","N/A"
"Celf4",1.22811822451251e-58,3.1965949804279,0.283,0.012,3.4935051014483e-54,"12","Celf4","N/A"
"Nsg2",4.68328811539733e-58,3.1832852183183,0.318,0.018,1.33220813730592e-53,"12","Nsg2","N/A"
"Gabra1",6.1033513038645e-31,3.14823640347113,0.126,0.003,1.7361593118973e-26,"12","Gabra1","N/A"
"Opcml.1",2.72047078708849e-23,3.14614204745028,0.162,0.014,7.73865120095191e-19,"12","Opcml","N/A"
"Vamp1",2.75102053352397e-21,3.14003987567264,0.111,0.005,7.82555300966229e-17,"12","Vamp1","N/A"
"Stxbp1",1.37397419001462e-55,3.11803115993389,0.298,0.016,3.9084069809156e-51,"12","Stxbp1","N/A"
"Rbfox3",6.39252920137553e-25,3.11083965858609,0.121,0.005,1.81841885662328e-20,"12","Rbfox3","Interneuron Marker"
"Faim2",1.76719605593084e-23,3.10771464643209,0.116,0.005,5.02696590070086e-19,"12","Faim2","N/A"
"Micu3",5.04302167669517e-25,3.09116783405408,0.152,0.01,1.43453794615271e-20,"12","Micu3","N/A"
"Peg3",1.30932767475559e-27,3.0881317481173,0.162,0.01,3.72451350360974e-23,"12","Peg3","N/A"
"Dner",1.36803868504132e-22,3.08754791804676,0.152,0.012,3.89152284346854e-18,"12","Dner","N/A"
"Ckmt1",7.33295890632027e-31,3.08152474363007,0.146,0.006,2.08593349049186e-26,"12","Ckmt1","N/A"
"Ptprn",6.09819346238177e-23,3.08063038748671,0.126,0.007,1.73469211230912e-18,"12","Ptprn","N/A"
"Plcb1",4.51811769224581e-16,3.04748278189681,0.126,0.013,1.28522375873624e-11,"12","Plcb1","N/A"
"Stmn2",3.49713566207946e-40,3.01992983246938,0.242,0.016,9.94795210435122e-36,"12","Stmn2","N/A"
"Gria3",1.45532589199803e-17,3.01431643932502,0.101,0.006,4.13982003237758e-13,"12","Gria3","N/A"
"Fut9",6.20866130597814e-19,3.0015770032878,0.106,0.006,1.76611579509854e-14,"12","Fut9","N/A"
"Reps2",3.59479284110764e-21,2.99549971910863,0.111,0.006,1.02257477158148e-16,"12","Reps2","N/A"
"Kcnma1",3.18960341164801e-16,2.97803489683062,0.126,0.013,9.07314586477394e-12,"12","Kcnma1","N/A"
"Cadps",1.69761709120412e-31,2.97674284926868,0.187,0.013,4.82904157763923e-27,"12","Cadps","N/A"
"Cdk5r1",2.41962163007323e-27,2.9553706294094,0.152,0.009,6.88285568890631e-23,"12","Cdk5r1","N/A"
"Cbarp",3.34313044183944e-21,2.94787318458866,0.106,0.005,9.50986885485647e-17,"12","Cbarp","N/A"
"Nat8l",1.23637231944929e-26,2.94307064654073,0.157,0.01,3.51698469990546e-22,"12","Nat8l","N/A"
"Stmn3",4.74535120075906e-74,2.93473849893552,0.444,0.033,1.34986260256792e-69,"12","Stmn3","N/A"
"Gabbr2",6.23629117086139e-21,2.93167514826354,0.101,0.004,1.77397538646323e-16,"12","Gabbr2","N/A"
"Scn8a",2.15010774437216e-23,2.91754982549288,0.121,0.006,6.11619648964105e-19,"12","Scn8a","N/A"
"Atxn1",1.30408274896837e-14,2.905045986025,0.106,0.009,3.70959378771544e-10,"12","Atxn1","N/A"
"Snap25.1",1.59763683898342e-105,2.86781439859392,0.667,0.062,4.54463775217223e-101,"12","Snap25","N/A"
"Dnm1",1.57677386706951e-45,2.84982820718802,0.258,0.015,4.48529094226591e-41,"12","Dnm1","N/A"
"Nsf",3.06748286476965e-51,2.83995506714015,0.354,0.032,8.72576175712374e-47,"12","Nsf","N/A"
"Tceal5",8.01633394183247e-24,2.79984249009763,0.121,0.006,2.28032635309366e-19,"12","Tceal5","N/A"
"Nap1l5",4.86766950542997e-57,2.78806425822902,0.399,0.038,1.38465726751461e-52,"12","Nap1l5","N/A"
"Lynx1",1.42770307281541e-24,2.75456108152548,0.136,0.008,4.06124416093071e-20,"12","Lynx1","N/A"
"Dzank1",6.86782932061641e-20,2.74202413792786,0.106,0.006,1.95362272854254e-15,"12","Dzank1","N/A"
"Igfbp4",4.38134403907743e-19,2.72707053945341,0.131,0.011,1.24631712535597e-14,"12","Igfbp4","N/A"
"Thy1",4.57340567429777e-48,2.69446292985839,0.313,0.025,1.30095097811074e-43,"12","Thy1","N/A"
"Bcat1",2.44352937040918e-18,2.6923304116983,0.116,0.009,6.95086364706594e-14,"12","Bcat1","N/A"
"Mllt11",1.25009697351349e-33,2.68951048620473,0.222,0.018,3.55602585085648e-29,"12","Mllt11","N/A"
"Fam155a",2.59573647902267e-19,2.67606940225899,0.111,0.007,7.38383198822788e-15,"12","Fam155a","N/A"
"Pak3",5.58134346453978e-14,2.66477399912231,0.101,0.01,1.58766896192299e-09,"12","Pak3","N/A"
"Dock3",2.24476741263087e-15,2.63889265010747,0.101,0.008,6.38546538196978e-11,"12","Dock3","N/A"
"Atp1a3",1.02365800883471e-38,2.63195092462722,0.268,0.023,2.91189757193121e-34,"12","Atp1a3","N/A"
"Hspa12a",1.67405576355387e-17,2.61337440973852,0.101,0.006,4.76201902500535e-13,"12","Hspa12a","N/A"
"Eno2",8.98903938999562e-31,2.61008060484086,0.207,0.017,2.55702214487815e-26,"12","Eno2","N/A"
"Zwint",1.04457228363722e-65,2.60458794351769,0.465,0.047,2.97139031803444e-61,"12","Zwint","N/A"
"Epm2aip1",1.291755213123e-20,2.60230227240861,0.146,0.014,3.67452687924969e-16,"12","Epm2aip1","N/A"
"Dnajc6",3.81643873760322e-13,2.60133230713759,0.101,0.011,1.08562416329861e-08,"12","Dnajc6","N/A"
"Dlg2",1.8919734081538e-22,2.60001933413274,0.157,0.014,5.38190755683431e-18,"12","Dlg2","N/A"
"Habp4",1.02270427272695e-19,2.58890768509616,0.141,0.013,2.90918457419907e-15,"12","Habp4","N/A"
"Necap1",1.13481091501933e-19,2.57451970964331,0.131,0.011,3.22808312886397e-15,"12","Necap1","N/A"
"Ina",1.62673205517377e-18,2.5570458329658,0.111,0.008,4.6274020041473e-14,"12","Ina","N/A"
"Tspyl4",7.02926535510569e-54,2.55249365042672,0.359,0.031,1.99954482291337e-49,"12","Tspyl4","N/A"
"Adarb1",1.78895065187909e-22,2.5512009039222,0.121,0.007,5.08884902433527e-18,"12","Adarb1","N/A"
"Rab3a",3.95845783239341e-43,2.53416934597058,0.293,0.026,1.12602291500263e-38,"12","Rab3a","N/A"
"Pnmal2",1.19270542924193e-21,2.50736015113965,0.131,0.009,3.3927698640216e-17,"12","Pnmal2","N/A"
"Pdxp",3.21931585474584e-17,2.50056465071897,0.101,0.007,9.15766588041002e-13,"12","Pdxp","N/A"
"Nsg1",5.78017872610293e-34,2.48824403032777,0.192,0.013,1.64422964042724e-29,"12","Nsg1","N/A"
"Bex1",1.21701996496029e-16,2.48723894268934,0.106,0.009,3.46193499232604e-12,"12","Bex1","N/A"
"Vsnl1",2.25263579642509e-51,2.4866125986628,0.313,0.023,6.40784778651082e-47,"12","Vsnl1","N/A"
"Tcaf1",8.18132638016028e-25,2.48009485208391,0.202,0.023,2.32726010210039e-20,"12","Tcaf1","N/A"
"Fam131a",5.25335898633193e-15,2.47913764155433,0.101,0.008,1.49437049725198e-10,"12","Fam131a","N/A"
"Adgrl1",4.59668054619079e-13,2.47686035214215,0.101,0.01,1.30757174816943e-08,"12","Adgrl1","N/A"
"Pcdh7",3.88860317978618e-13,2.46812841621579,0.101,0.011,1.10615206052198e-08,"12","Pcdh7","N/A"
"Sult4a1",1.47150444693824e-45,2.45792187412174,0.253,0.016,4.18584154976051e-41,"12","Sult4a1","N/A"
"Mapk10",1.17790374070739e-28,2.4363668716176,0.182,0.015,3.35066498081625e-24,"12","Mapk10","N/A"
"Map1b.2",4.17610912727724e-56,2.42858774958893,0.475,0.063,1.18793600234528e-51,"12","Map1b","N/A"
"Pcp4l1",8.04355811568273e-23,2.42832445328211,0.141,0.012,2.28807054158711e-18,"12","Pcp4l1","N/A"
"Abat",1.02508710142953e-24,2.42436505096067,0.197,0.022,2.91596276872645e-20,"12","Abat","N/A"
"Nrxn1.1",1.41892429006045e-23,2.41665899988152,0.242,0.038,4.03627203550597e-19,"12","Nrxn1","N/A"
"Rnf227",1.46354995950814e-23,2.3956991913828,0.131,0.008,4.16321421481685e-19,"12","Rnf227","N/A"
"Myt1l",1.25807663441107e-24,2.38946991734376,0.121,0.005,3.57872479424573e-20,"12","Myt1l","N/A"
"Fgf13",1.00824774147139e-13,2.38846519390521,0.111,0.013,2.86806152538953e-09,"12","Fgf13","N/A"
"Atp6v1g2",5.76958924942959e-46,2.38306380486644,0.293,0.025,1.64121735789274e-41,"12","Atp6v1g2","N/A"
"Cacnb4",8.55624444050946e-14,2.38046160144996,0.116,0.014,2.43390929354732e-09,"12","Cacnb4","N/A"
"Syn2",7.32017165450919e-26,2.37393589921591,0.157,0.012,2.08229602884168e-21,"12","Syn2","N/A"
"Rims1",2.35740721087723e-33,2.37020709358994,0.187,0.012,6.70588055206138e-29,"12","Rims1","N/A"
"Nptn.1",4.07941507757455e-42,2.36307400421596,0.384,0.055,1.16043041296686e-37,"12","Nptn","N/A"
"Ncdn",1.05557444896958e-37,2.36220024268074,0.253,0.023,3.00268707753887e-33,"12","Ncdn","N/A"
"Pgm2l1",3.26027568248326e-19,2.36146534491737,0.106,0.007,9.27418020639188e-15,"12","Pgm2l1","N/A"
"Map2k4",1.70998086609902e-22,2.35673799660778,0.157,0.015,4.86421157170527e-18,"12","Map2k4","N/A"
"Dlgap1",5.00780994546138e-26,2.35443026748148,0.222,0.027,1.42452161708595e-21,"12","Dlgap1","N/A"
"Snrpn",1.51287275924849e-48,2.3472474999486,0.333,0.032,4.30351785095826e-44,"12","Snrpn","N/A"
"Clstn1",1.69732641055359e-23,2.34285817306112,0.212,0.028,4.82821470746073e-19,"12","Clstn1","N/A"
"Gng3",2.79773724613616e-24,2.32383071617172,0.167,0.015,7.95844337035893e-20,"12","Gng3","N/A"
"Gprasp1",2.20373736725144e-25,2.3108937448525,0.187,0.018,6.26875131488344e-21,"12","Gprasp1","N/A"
"Gpcpd1",5.13291629526365e-11,2.30286875032559,0.101,0.014,1.4601093693507e-06,"12","Gpcpd1","N/A"
"Pja2",7.14831453106592e-41,2.29725588744914,0.308,0.033,2.03340955150701e-36,"12","Pja2","N/A"
"Rtn1.1",5.5090646054766e-42,2.28750315619384,0.338,0.041,1.56710851767387e-37,"12","Rtn1","N/A"
"Ttc3.1",1.58169313600816e-50,2.28408558198911,0.414,0.052,4.49928429468882e-46,"12","Ttc3","N/A"
"Napb",4.01993758065585e-41,2.27619720601768,0.207,0.01,1.14351144419336e-36,"12","Napb","N/A"
"Ap1s2",4.38284380724289e-12,2.26724783571079,0.101,0.012,1.24674374940831e-07,"12","Ap1s2","N/A"
"Vamp2",5.2356373681721e-21,2.26391545285265,0.162,0.018,1.48932940575023e-16,"12","Vamp2","N/A"
"Ncald",1.17338338553399e-31,2.26270094043169,0.268,0.033,3.33780637848998e-27,"12","Ncald","N/A"
"Prkce",3.12319302553621e-20,2.25907826284142,0.146,0.014,8.88423488044031e-16,"12","Prkce","N/A"
"Snap47",1.03212726609338e-30,2.25607331473771,0.242,0.027,2.93598922112922e-26,"12","Snap47","N/A"
"Cck",1.15452129370575e-19,2.24703148496657,0.167,0.02,3.28415127207538e-15,"12","Cck","Interneuron Marker"
"Prkar1b",1.66977555979579e-26,2.22925710223895,0.182,0.017,4.74984355739512e-22,"12","Prkar1b","N/A"
"Tuba4a",6.68710530704847e-27,2.2228521969308,0.177,0.016,1.90221397564301e-22,"12","Tuba4a","N/A"
"Srgap3",2.86595976082153e-14,2.22097671865919,0.106,0.011,8.15250913563292e-10,"12","Srgap3","N/A"
"Rab6b",1.3318681650934e-34,2.21086697714978,0.273,0.032,3.78863218242469e-30,"12","Rab6b","N/A"
"Nefl",2.94133119375552e-25,2.19375828503718,0.177,0.017,8.36691071375695e-21,"12","Nefl","N/A"
"Synj1",6.1751011449083e-22,2.19217848041645,0.172,0.019,1.75656927168061e-17,"12","Synj1","N/A"
"Uchl1",4.95636852021691e-41,2.19123583000327,0.318,0.037,1.4098885892609e-36,"12","Uchl1","N/A"
"Ndn",1.06825245128948e-14,2.1846617553389,0.111,0.012,3.03875092293806e-10,"12","Ndn","N/A"
"Laptm4b",1.98895638896767e-12,2.18162285963296,0.116,0.016,5.65778534405742e-08,"12","Laptm4b","N/A"
"Ywhag.3",4.35975705464406e-41,2.17959455193014,0.394,0.061,1.24017649176405e-36,"12","Ywhag","N/A"
"Bex2",6.61299013794981e-37,2.17250325127972,0.273,0.029,1.8811311746412e-32,"12","Bex2","N/A"
"Wasf1",4.72466209855153e-14,2.1657995379307,0.111,0.013,1.34397738055397e-09,"12","Wasf1","N/A"
"Impact",1.88988305933214e-16,2.16162086959474,0.141,0.019,5.3759613505762e-12,"12","Impact","N/A"
"Got1",1.30888015007954e-17,2.1368708869955,0.157,0.021,3.72324047491625e-13,"12","Got1","N/A"
"Map7d2",2.12701601013756e-23,2.1279211757555,0.162,0.016,6.05050974243731e-19,"12","Map7d2","N/A"
"Fbxo9",1.63986577874361e-10,2.12720126069433,0.111,0.018,4.66476219421407e-06,"12","Fbxo9","N/A"
"Lsamp.1",3.94259049446696e-27,2.1202577003233,0.268,0.041,1.12150929205607e-22,"12","Lsamp","N/A"
"Zcchc18",3.12322573733363e-26,2.10064378354875,0.197,0.022,8.88432793241926e-22,"12","Zcchc18","N/A"
"Flywch1",1.35565921772412e-13,2.09217462342411,0.121,0.016,3.85630821073804e-09,"12","Flywch1","N/A"
"Eef1a2",2.01667755095719e-26,2.09036702574766,0.162,0.012,5.73664096145282e-22,"12","Eef1a2","N/A"
"Cplx2",3.94649852582666e-16,2.0686461877273,0.101,0.009,1.12262097065665e-11,"12","Cplx2","N/A"
"Pvalb",1.69649866644849e-23,2.0589586955839,0.126,0.009,4.82586010657939e-19,"12","Pvalb","Interneuron Marker"
"Lancl1",4.72269042349133e-16,2.05650136594636,0.141,0.02,1.34341651786634e-11,"12","Lancl1","N/A"
"Sv2a",2.06404951818118e-17,2.04977186576961,0.177,0.028,5.8713952594182e-13,"12","Sv2a","N/A"
"Rora",1.04481503794154e-18,2.04660849445389,0.157,0.02,2.97208085692852e-14,"12","Rora","N/A"
"Sh3gl2",5.14582914713097e-18,2.04577747101971,0.126,0.013,1.46378255919288e-13,"12","Sh3gl2","N/A"
"Usp33",1.01018543846369e-12,2.00864760192348,0.116,0.016,2.87357349825381e-08,"12","Usp33","N/A"
"Ahi1",9.09055855550321e-13,2.00335631254483,0.106,0.013,2.58590028669844e-08,"12","Ahi1","N/A"
"Mdh1.4",9.79317824595006e-49,1.99839175949674,0.47,0.077,2.78576748384295e-44,"12","Mdh1","N/A"
"Scg5",4.40057514734785e-29,1.98704447052166,0.197,0.019,1.25178760641457e-24,"12","Scg5","N/A"
"Pbx1",9.06184998475542e-11,1.97224391850297,0.121,0.022,2.57773384666353e-06,"12","Pbx1","N/A"
"Camk2b",2.45692086837625e-26,1.96861592183413,0.167,0.014,6.98895710218307e-22,"12","Camk2b","N/A"
"Trim37",1.84251321100257e-12,1.96196463845002,0.101,0.012,5.24121308001792e-08,"12","Trim37","N/A"
"Chgb",6.0265710809543e-26,1.95436320227123,0.177,0.017,1.71431840968826e-21,"12","Chgb","N/A"
"Chn1",1.50249064287114e-37,1.94992025909003,0.288,0.034,4.27398488271125e-33,"12","Chn1","N/A"
"Pls3",1.43178880495218e-14,1.94041473510658,0.111,0.013,4.07286643456698e-10,"12","Pls3","N/A"
"Cyfip2",2.66562255202699e-14,1.93855244860713,0.116,0.015,7.58262991149597e-10,"12","Cyfip2","N/A"
"Ntm",1.86968622592264e-19,1.88604470870879,0.162,0.021,5.31850943825956e-15,"12","Ntm","N/A"
"Khdrbs3",1.00751151283261e-14,1.8857322859372,0.111,0.014,2.86596724940365e-10,"12","Khdrbs3","N/A"
"Gria2.1",9.59524228217169e-24,1.88321733727985,0.202,0.027,2.72946261958656e-19,"12","Gria2","N/A"
"Serinc1.3",3.0835962285894e-29,1.86656549174857,0.359,0.074,8.7715978318454e-25,"12","Serinc1","N/A"
"Bmerb1",6.61864637393327e-17,1.86150275529679,0.141,0.018,1.88274014752906e-12,"12","Bmerb1","N/A"
"Psd3",4.53352513341247e-10,1.86046376059424,0.101,0.016,1.28960655945051e-05,"12","Psd3","N/A"
"Rab6a.3",1.75473675969658e-44,1.8572276828142,0.47,0.087,4.9915241866329e-40,"12","Rab6a","N/A"
"Scrn1",1.58275874859714e-18,1.8330594765969,0.167,0.024,4.50231553625941e-14,"12","Scrn1","N/A"
"Oxr1",1.53141133511189e-21,1.83304229706701,0.207,0.032,4.35625268385928e-17,"12","Oxr1","N/A"
"Sptan1",8.14557107941272e-17,1.81771575398887,0.177,0.03,2.31708914924974e-12,"12","Sptan1","N/A"
"Ccdc136",7.32310488799899e-14,1.81737605603306,0.101,0.011,2.08313041644019e-09,"12","Ccdc136","N/A"
"Usp7",8.99856756675297e-11,1.81016175746224,0.121,0.023,2.55973253003855e-06,"12","Usp7","N/A"
"Kifap3",2.38303456085251e-22,1.80125925661135,0.197,0.028,6.77878011180105e-18,"12","Kifap3","N/A"
"Mrps26",9.04092148842699e-11,1.79378893563328,0.121,0.022,2.57178052659794e-06,"12","Mrps26","N/A"
"Camta1",2.10416003002977e-20,1.78424458546571,0.177,0.025,5.98549362142268e-16,"12","Camta1","N/A"
"Copg1",6.00450420286458e-19,1.77906815326419,0.172,0.026,1.70804126554686e-14,"12","Copg1","N/A"
"Atp6v1h",5.82692571090903e-11,1.77859736081258,0.111,0.018,1.65752728772518e-06,"12","Atp6v1h","N/A"
"Gabarapl1.2",1.09225715849482e-45,1.777239323229,0.424,0.068,3.10703471305437e-41,"12","Gabarapl1","N/A"
"Itfg1",6.67362948545871e-09,1.77419930012748,0.106,0.02,0.000189838064343358,"12","Itfg1","N/A"
"Rnf14",5.22062003422425e-17,1.76729913775403,0.157,0.023,1.48505757493543e-12,"12","Rnf14","N/A"
"Wasl",5.52049246905687e-10,1.75631070252902,0.101,0.017,1.57035928774792e-05,"12","Wasl","N/A"
"Emc7",9.83136069511386e-11,1.72999949949358,0.116,0.021,2.79662886333209e-06,"12","Emc7","N/A"
"Fbxw7",1.96306411986395e-16,1.72715978707987,0.141,0.019,5.584132195365e-12,"12","Fbxw7","N/A"
"Strbp",6.37871241496288e-15,1.72678604457137,0.126,0.017,1.81448853356034e-10,"12","Strbp","N/A"
"Magee1",2.39453078432573e-16,1.72607783699043,0.121,0.013,6.81148226909297e-12,"12","Magee1","N/A"
"Pfkm",1.20595576554493e-15,1.72297501302758,0.157,0.026,3.43046177066912e-11,"12","Pfkm","N/A"
"Atp6v1b2.2",3.08876241271024e-24,1.71254747277401,0.298,0.061,8.78629355919555e-20,"12","Atp6v1b2","N/A"
"Ensa",2.04025409121249e-16,1.70861667783194,0.167,0.028,5.80370678786304e-12,"12","Ensa","N/A"
"Epb41l1",1.01459185669739e-11,1.69912620189923,0.106,0.016,2.8861079955614e-07,"12","Epb41l1","N/A"
"Scamp5",2.48469940452731e-10,1.68942482786352,0.101,0.017,7.06797592611837e-06,"12","Scamp5","N/A"
"Sucla2",1.06116468784914e-16,1.6857838865863,0.152,0.023,3.01858907105565e-12,"12","Sucla2","N/A"
"Cadm2.1",4.40654539317344e-17,1.68577032550018,0.197,0.038,1.25348590254212e-12,"12","Cadm2","N/A"
"Snca",2.68380147117587e-16,1.68245519680225,0.141,0.019,7.63434166490688e-12,"12","Snca","N/A"
"Gls",9.80790548424923e-12,1.67678511505878,0.116,0.019,2.78995679404954e-07,"12","Gls","N/A"
"Tsc22d1.1",3.28573890127528e-22,1.66895895994813,0.242,0.044,9.34661287856767e-18,"12","Tsc22d1","N/A"
"Atp2a2.1",8.07134055671299e-23,1.6675207923445,0.242,0.043,2.29597353476258e-18,"12","Atp2a2","N/A"
"Mapk9",8.95939391337941e-10,1.6667790923834,0.101,0.017,2.54858919259991e-05,"12","Mapk9","N/A"
"Atp6v1e1.1",1.70981536086222e-31,1.65049346818095,0.348,0.066,4.86374077550868e-27,"12","Atp6v1e1","N/A"
"Gnl3l",3.95799885500204e-12,1.65027223883813,0.111,0.017,1.12589235429388e-07,"12","Gnl3l","N/A"
"Tmem65",3.81993188396186e-08,1.6426402548984,0.101,0.021,0.00108661782371179,"12","Tmem65","N/A"
"Mapk1",1.19269631651618e-16,1.64210690717187,0.172,0.03,3.39274394196192e-12,"12","Mapk1","N/A"
"Map2",6.30433218627385e-15,1.64119284164424,0.146,0.024,1.79333033370746e-10,"12","Map2","Interneuron Marker"
"Ids",3.12767544606351e-10,1.63718112342056,0.106,0.018,8.89698557387226e-06,"12","Ids","N/A"
"TUSC3",8.31872010264312e-13,1.62447502432961,0.116,0.018,2.36634312039786e-08,"12","TUSC3","N/A"
"Epdr1",9.30690352729274e-14,1.62100629162626,0.111,0.015,2.64744177737369e-09,"12","Epdr1","N/A"
"Maged1.1",1.8791486519104e-17,1.61495173319264,0.222,0.047,5.34542625522433e-13,"12","Maged1","N/A"
"Slc25a46",2.19718576669177e-10,1.61366272339188,0.101,0.017,6.2501146319314e-06,"12","Slc25a46","N/A"
"Nrgn",3.44131273413713e-14,1.61241153860459,0.121,0.017,9.78915820352649e-10,"12","Nrgn","N/A"
"Nrsn1",3.91383580128708e-29,1.60954912284684,0.192,0.02,1.11332973203412e-24,"12","Nrsn1","N/A"
"Gap43.1",1.15476323143206e-25,1.59147388724128,0.288,0.054,3.28483948813165e-21,"12","Gap43","N/A"
"Gpm6a.1",4.14267975361634e-33,1.58729446449983,0.318,0.053,1.1784266827137e-28,"12","Gpm6a","N/A"
"Napg",1.24453101971559e-08,1.58536323165775,0.106,0.022,0.000354019293868298,"12","Napg","N/A"
"Ndrg3",2.21490287664733e-15,1.58456980447463,0.141,0.022,6.300512722911e-11,"12","Ndrg3","N/A"
"Atp6v1a.4",3.22758499849809e-30,1.583225612474,0.389,0.087,9.18118828672768e-26,"12","Atp6v1a","N/A"
"Smarca2",4.24843897976929e-15,1.57932866498046,0.187,0.038,1.20851095218517e-10,"12","Smarca2","N/A"
"Srpk2",2.80540303329432e-11,1.5781476492629,0.146,0.031,7.98024946850902e-07,"12","Srpk2","N/A"
"2210016L21Rik",2.88061736078275e-09,1.57318713374386,0.121,0.026,8.19420414448261e-05,"12","2210016L21Rik","N/A"
"Ndfip1.2",3.5891606272422e-28,1.56748870276753,0.343,0.072,1.02097263202532e-23,"12","Ndfip1","N/A"
"Id2",1.11584519979185e-09,1.56512226971313,0.146,0.035,3.1741332553279e-05,"12","Id2","N/A"
"Myo5a.3",1.52704874348937e-16,1.55925914331719,0.222,0.051,4.34384285572986e-12,"12","Myo5a","N/A"
"Dclk1.1",9.92455477080853e-25,1.55542328030343,0.242,0.04,2.82313885010419e-20,"12","Dclk1","N/A"
"Tmx2",9.60829555652682e-10,1.54976276923949,0.101,0.018,2.73317575400962e-05,"12","Tmx2","N/A"
"Atp2b1.1",2.94167888816803e-15,1.54691928657035,0.182,0.037,8.36789976528279e-11,"12","Atp2b1","N/A"
"Herc1",4.37206359807496e-11,1.54309679974932,0.116,0.021,1.2436772111084e-06,"12","Herc1","N/A"
"Kalrn",6.16507695024078e-13,1.5397905065823,0.131,0.023,1.75371778926549e-08,"12","Kalrn","N/A"
"Cops2",3.86655871692387e-08,1.5320446306546,0.126,0.032,0.00109988129261616,"12","Cops2","N/A"
"Got2",4.38978267073784e-13,1.52966661487885,0.126,0.021,1.24871757851809e-08,"12","Got2","N/A"
"Gabbr1",7.8273999429542e-24,1.51988059745678,0.217,0.034,2.22658218777275e-19,"12","Gabbr1","N/A"
"Rufy3",5.83220440400542e-21,1.51385300105583,0.212,0.036,1.65902886476338e-16,"12","Rufy3","N/A"
"Phactr1",6.61360759521775e-09,1.51012555533069,0.126,0.03,0.000188130681653564,"12","Phactr1","N/A"
"Nckap1",3.66320263267782e-16,1.50567033211021,0.167,0.03,1.04203462089153e-11,"12","Nckap1","N/A"
"Tceal3",7.79710186539078e-12,1.50485530844056,0.126,0.023,2.21796359662906e-07,"12","Tceal3","N/A"
"Atp6ap2",5.09409383137441e-20,1.50082931931535,0.207,0.038,1.44906593127276e-15,"12","Atp6ap2","N/A"
"Dnaja2",1.8896455596282e-14,1.48318000350985,0.167,0.033,5.37528575891837e-10,"12","Dnaja2","N/A"
"Tnik",4.55200033624087e-10,1.48198771106934,0.106,0.019,1.29486201564708e-05,"12","Tnik","N/A"
"Ppp3r1",3.69146105996483e-15,1.4743255585153,0.141,0.023,1.0500730131176e-10,"12","Ppp3r1","N/A"
"Tubb2a.3",3.97497269978027e-29,1.46244828637773,0.343,0.072,1.1307207341795e-24,"12","Tubb2a","N/A"
"Arl4c.2",1.67487963892766e-10,1.45483662340597,0.157,0.039,4.76436262089363e-06,"12","Arl4c","N/A"
"Slc8a1",1.6312070445606e-09,1.45196630012035,0.116,0.024,4.64013155895708e-05,"12","Slc8a1","N/A"
"Kif1a",3.42665662223665e-20,1.45187720611924,0.222,0.042,9.74746742761438e-16,"12","Kif1a","N/A"
"Nrcam",5.41381230949941e-09,1.43730060112984,0.106,0.022,0.00015400130495602,"12","Nrcam","N/A"
"G3bp2.1",2.34723004801291e-15,1.43111718909178,0.197,0.043,6.67693059457753e-11,"12","G3bp2","N/A"
"Klf9",1.31001806663046e-14,1.43101626287784,0.172,0.036,3.72647739233701e-10,"12","Klf9","N/A"
"Ctnna2",3.43701903099397e-11,1.42931877747361,0.116,0.02,9.77694433556543e-07,"12","Ctnna2","N/A"
"Rtn3.1",4.95157483383628e-24,1.42671224100105,0.308,0.071,1.40852497723307e-19,"12","Rtn3","N/A"
"Klc1.2",1.48132313640177e-30,1.42115375662967,0.328,0.063,4.21377179380846e-26,"12","Klc1","N/A"
"Aplp2.3",1.70498959700388e-16,1.41441538926495,0.247,0.063,4.85001340763723e-12,"12","Aplp2","N/A"
"Rock2",1.09710856802364e-11,1.4031961505537,0.152,0.035,3.12083503260004e-07,"12","Rock2","N/A"
"Eif4g3",1.57559419952155e-08,1.3963090223859,0.126,0.031,0.000448193525995899,"12","Eif4g3","N/A"
"Dnm3",9.26125440713642e-10,1.39531962179012,0.121,0.026,2.63445642865403e-05,"12","Dnm3","N/A"
"Tcf25.1",2.11954740331185e-20,1.38517608792921,0.273,0.064,6.02926454346088e-16,"12","Tcf25","N/A"
"Pfkp",1.6408996007434e-13,1.38516745083834,0.162,0.034,4.66770300427467e-09,"12","Pfkp","N/A"
"Enc1",3.60407219431652e-10,1.37799360720758,0.111,0.02,1.02521437639528e-05,"12","Enc1","N/A"
"Rnf11",2.23347357220621e-17,1.3723983433246,0.167,0.028,6.35333892349778e-13,"12","Rnf11","N/A"
"Dnm1l",7.53092815307217e-09,1.37081221866263,0.101,0.021,0.000214224782242291,"12","Dnm1l","N/A"
"Actr1b",1.57052553130065e-09,1.36960555696132,0.106,0.021,4.46751692633782e-05,"12","Actr1b","N/A"
"Gdi1.1",2.71420023333141e-17,1.36867992362985,0.253,0.061,7.72081398373453e-13,"12","Gdi1","N/A"
"Uchl5",2.35380781623628e-09,1.36576938861164,0.101,0.019,6.69564171406572e-05,"12","Uchl5","N/A"
"Adprh",6.12439348878045e-09,1.36410047601785,0.106,0.023,0.000174214497181849,"12","Adprh","N/A"
"Enpp5",5.96304457911368e-12,1.36323037834652,0.116,0.021,1.69624766097468e-07,"12","Enpp5","N/A"
"Oip5os1",7.00689594621873e-15,1.36116238714261,0.162,0.032,1.99318162086138e-10,"12","Oip5os1","N/A"
"Apc",1.06365903788474e-06,1.3599346352753,0.111,0.031,0.0302568449916692,"12","Apc","N/A"
"Hdac11",4.31172062041647e-10,1.35535974825958,0.121,0.026,1.22651204768367e-05,"12","Hdac11","N/A"
"Rsf1",5.31111869157884e-09,1.35030419612714,0.111,0.023,0.000151080082300652,"12","Rsf1","N/A"
"Zfp365",3.40504433033883e-12,1.33679766704615,0.136,0.027,9.68598910208185e-08,"12","Zfp365","N/A"
"Yjefn3",4.01381578386553e-10,1.3301803650792,0.116,0.023,1.14177003787839e-05,"12","Yjefn3","N/A"
"Hsph1",1.83570244174786e-11,1.32963756757216,0.126,0.026,5.22183916579597e-07,"12","Hsph1","N/A"
"Cmas",4.48076480305127e-10,1.32794133380724,0.116,0.024,1.27459835587596e-05,"12","Cmas","N/A"
"Map1lc3a",3.19670131202515e-15,1.3266841809076,0.177,0.036,9.09333655218674e-11,"12","Map1lc3a","N/A"
"Tubb3.1",5.01404553729448e-15,1.32416388461769,0.187,0.04,1.42629539353879e-10,"12","Tubb3","N/A"
"Vdac1.4",8.61399195791883e-22,1.32265767315481,0.288,0.068,2.45033615234959e-17,"12","Vdac1","N/A"
"Calm2.11",7.862980526518e-43,1.31118972554618,0.657,0.198,2.23670344057331e-38,"12","Calm2","N/A"
"Cd47",3.45787265506495e-07,1.31062436272745,0.126,0.036,0.00983626455459775,"12","Cd47","N/A"
"Ogfrl1",1.52846127200414e-10,1.30999470315868,0.136,0.031,4.34786093434299e-06,"12","Ogfrl1","N/A"
"Wdr82",1.9706474473679e-09,1.30371716999373,0.101,0.02,5.60570372878272e-05,"12","Wdr82","N/A"
"Ociad1.3",1.70488883678863e-16,1.29868396794245,0.247,0.064,4.84972678512894e-12,"12","Ociad1","N/A"
"A530072M11Rik",1.18775967421459e-08,1.28932198042685,0.101,0.021,0.000337870116927082,"12","A530072M11Rik","N/A"
"Tsnax",4.33334036352218e-11,1.28579096605722,0.111,0.021,1.23266199980752e-06,"12","Tsnax","N/A"
"Ppp3cb",2.80237908338853e-11,1.28401576580966,0.126,0.025,7.97164754060701e-07,"12","Ppp3cb","N/A"
"Ctnnd2",1.81291155140631e-16,1.27289047081131,0.152,0.024,5.15700819913039e-12,"12","Ctnnd2","N/A"
"Trappc4",4.92629226814077e-08,1.26538822581801,0.101,0.023,0.00140133309859532,"12","Trappc4","N/A"
"Bex3",6.33075776632635e-16,1.2649119842594,0.187,0.039,1.80084735420919e-11,"12","Bex3","N/A"
"Cyc1",2.51410587102606e-09,1.26072928201395,0.146,0.038,7.15162556072073e-05,"12","Cyc1","N/A"
"Ndufa4.4",1.41180175936107e-30,1.25972788720881,0.379,0.087,4.0160112846785e-26,"12","Ndufa4","N/A"
"Ppm1a",2.98578355419608e-13,1.25686313996377,0.146,0.03,8.49335989826616e-09,"12","Ppm1a","N/A"
"Idh3a",3.2590594389631e-15,1.25278845359886,0.121,0.019,9.27072048007445e-11,"12","Idh3a","N/A"
"Tomm70a",1.06895375980836e-09,1.25109196763925,0.106,0.021,3.04074586515085e-05,"12","Tomm70a","N/A"
"Tspan5",2.76029951458404e-11,1.23984214446025,0.111,0.02,7.85194799918575e-07,"12","Tspan5","N/A"
"Pcp4.10",1.01450762880808e-15,1.23802938795519,0.308,0.097,2.88586840090746e-11,"12","Pcp4","N/A"
"Rcan2.1",7.69880237478412e-22,1.23602382145863,0.217,0.041,2.19000132353109e-17,"12","Rcan2","N/A"
"Pfn2.1",6.55402225903368e-27,1.23377968427204,0.288,0.059,1.86435717180472e-22,"12","Pfn2","N/A"
"Eif4a2.3",6.80395151966096e-23,1.23236061693352,0.298,0.071,1.93545204928276e-18,"12","Eif4a2","N/A"
"Sar1b",3.04625720714286e-10,1.22589782639231,0.126,0.03,8.66538325143857e-06,"12","Sar1b","N/A"
"Pip5k1c",4.28388914612567e-09,1.21328235482798,0.101,0.021,0.000121859510650691,"12","Pip5k1c","N/A"
"Etnk1",7.94258370600311e-12,1.21297442209349,0.146,0.034,2.25934736100964e-07,"12","Etnk1","N/A"
"Chchd10",2.09597452013936e-15,1.20577296936368,0.136,0.023,5.96220911998844e-11,"12","Chchd10","N/A"
"Calm1.10",2.35655049825086e-44,1.2000993885797,0.788,0.298,6.70344354732441e-40,"12","Calm1","N/A"
"Ube3a",2.27862089002219e-08,1.19176752871945,0.111,0.027,0.000648176498375711,"12","Ube3a","N/A"
"Hprt.1",1.75919662451574e-16,1.18106853632228,0.197,0.044,5.00421071809748e-12,"12","Hprt","N/A"
"Fabp3",1.64282074088189e-11,1.17833161502527,0.141,0.031,4.67316787951263e-07,"12","Fabp3","N/A"
"Gsk3b",1.56948569329163e-09,1.1745324271572,0.136,0.034,4.46455900313736e-05,"12","Gsk3b","N/A"
"Rad23b",1.77703021572765e-11,1.16945734049585,0.152,0.037,5.05494015165888e-07,"12","Rad23b","N/A"
"Smap1",1.35608702079206e-08,1.16829941538829,0.101,0.023,0.000385752513934509,"12","Smap1","N/A"
"Polr2m",1.67704902207655e-07,1.16238809335556,0.106,0.025,0.00477053364819895,"12","Polr2m","N/A"
"Saraf.1",1.0664819397237e-11,1.16206065743864,0.202,0.06,3.03371452573803e-07,"12","Saraf","N/A"
"Hsp90aa1.11",2.84833386254269e-24,1.15550097589762,0.399,0.117,8.10237050538894e-20,"12","Hsp90aa1","N/A"
"Sod2",3.16564365968023e-11,1.14598583852237,0.126,0.027,9.00498995432638e-07,"12","Sod2","N/A"
"Auh",4.6429021928553e-11,1.14014062140075,0.106,0.019,1.32071995777962e-06,"12","Auh","N/A"
"Cct6a.1",4.26542570442189e-10,1.13298009223373,0.172,0.051,1.21334299587985e-05,"12","Cct6a","N/A"
"Dcaf7",2.57811317873094e-08,1.1253676443155,0.101,0.023,0.000733370074821803,"12","Dcaf7","N/A"
"Fkbp3",1.39741319106703e-26,1.12312528455539,0.283,0.057,3.97508156330927e-22,"12","Fkbp3","N/A"
"Arhgef12",2.15073356662133e-07,1.12147069128649,0.111,0.031,0.00611797670361105,"12","Arhgef12","N/A"
"Nme1.3",1.5305788980222e-15,1.10400263684748,0.237,0.065,4.35388473331394e-11,"12","Nme1","N/A"
"Ptprd.2",3.89844040723948e-07,1.1035274955223,0.192,0.081,0.0110895035824334,"12","Ptprd","N/A"
"Mdh2.2",2.28004948137658e-14,1.09578025893097,0.237,0.067,6.48582875472383e-10,"12","Mdh2","N/A"
"Abr",6.69947102895067e-09,1.09413776070058,0.126,0.032,0.000190573152889531,"12","Abr","N/A"
"Fbxl16",6.05153332702632e-23,1.09212166708441,0.157,0.02,1.72141917020591e-18,"12","Fbxl16","N/A"
"Tcf4.11",2.2735258868199e-23,1.08785614070122,0.429,0.137,6.4672717376479e-19,"12","Tcf4","N/A"
"Sars.1",2.79106716553351e-09,1.08360302956905,0.152,0.043,7.93946965907661e-05,"12","Sars","N/A"
"Nfib",1.14764258611401e-06,1.08346517080709,0.116,0.035,0.0326458410045991,"12","Nfib","N/A"
"Snx10",3.60461706944193e-10,1.08324415531266,0.121,0.028,1.02536937157345e-05,"12","Snx10","N/A"
"Ywhab.9",8.83055488595448e-27,1.08096748903409,0.374,0.1,2.51193964285861e-22,"12","Ywhab","N/A"
"Ppp2r5c",8.99545150363301e-11,1.07827115810178,0.167,0.046,2.55884613472345e-06,"12","Ppp2r5c","N/A"
"Rheb",1.50474424449168e-11,1.07661124266356,0.141,0.032,4.28039547788103e-07,"12","Rheb","N/A"
"Vdac3",1.32598792128083e-11,1.06775819959769,0.177,0.047,3.77190524087545e-07,"12","Vdac3","N/A"
"Oga",2.35630831469859e-07,1.05998963285058,0.126,0.038,0.00670275463199161,"12","Oga","N/A"
"Tspan3.3",2.71084627792979e-15,1.05454848554488,0.278,0.087,7.71127332219907e-11,"12","Tspan3","N/A"
"Ube2b",1.81883843608509e-10,1.04516271242182,0.172,0.049,5.17386781528765e-06,"12","Ube2b","N/A"
"Chp1",4.16960275532152e-07,1.04490019008082,0.121,0.035,0.0118608519977876,"12","Chp1","N/A"
"Ash1l",5.65925423984472e-10,1.04185629496866,0.111,0.025,1.60983146106623e-05,"12","Ash1l","N/A"
"Acot7.1",6.71213613193115e-15,1.04067833267629,0.197,0.05,1.90933424408913e-10,"12","Acot7","N/A"
"Ppp3ca.10",1.29005137243665e-19,1.03939246205979,0.333,0.098,3.66968013403328e-15,"12","Ppp3ca","N/A"
"Pitpna.2",2.57073337068502e-11,1.03623009384558,0.202,0.062,7.3127081462506e-07,"12","Pitpna","N/A"
"Nrxn2",1.99629421686786e-10,1.02810234961433,0.106,0.023,5.67865852930231e-06,"12","Nrxn2","N/A"
"Enah",1.37340105170189e-06,1.01821795188136,0.101,0.027,0.0390677663167118,"12","Enah","N/A"
"Hsd17b12",3.83812992024555e-07,1.01535897700266,0.106,0.031,0.0109179443711305,"12","Hsd17b12","N/A"
"Dynll2.11",1.48622635019138e-26,1.01180813541579,0.424,0.127,4.22771947575439e-22,"12","Dynll2","N/A"
"Nedd4.2",6.07510842272817e-10,1.01112706193707,0.182,0.056,1.72812534192926e-05,"12","Nedd4","N/A"
"Dnajc5",1.50207004772112e-06,1.00439309551933,0.121,0.038,0.0427278845774751,"12","Dnajc5","N/A"
"Rnf187.2",2.82062637540056e-16,1.00227060686269,0.222,0.057,8.02355378746445e-12,"12","Rnf187","N/A"
"Cycs",2.8829024121039e-11,1.00053058855674,0.136,0.032,8.20070420147075e-07,"12","Cycs","N/A"
"Camk2a",5.74415858855747e-20,0.994603886390836,0.146,0.019,1.63398335210106e-15,"12","Camk2a","N/A"
"Atp5a1.9",7.42904159180836e-20,0.990773088011142,0.369,0.117,2.11326517120581e-15,"12","Atp5a1","N/A"
"Dnajb6",2.1189661322463e-08,0.990173512631761,0.131,0.036,0.000602761105978782,"12","Dnajb6","N/A"
"Uqcrc2.2",4.05918813748916e-14,0.987924661229174,0.202,0.053,1.15467665759017e-09,"12","Uqcrc2","N/A"
"Cacybp",1.04014666048466e-09,0.985555261558062,0.136,0.035,2.95880119041467e-05,"12","Cacybp","N/A"
"Atp5g3.5",3.33636720461853e-25,0.982735687983016,0.343,0.092,9.49063015025788e-21,"12","Atp5g3","N/A"
"Zfand5",6.74441205091115e-08,0.980475896834437,0.136,0.04,0.00191851545200218,"12","Zfand5","N/A"
"Pdhb",6.99939653595922e-09,0.978812900607968,0.126,0.033,0.000199104833861896,"12","Pdhb","N/A"
"Ntrk2.3",6.11053128842902e-15,0.978575261767126,0.268,0.084,1.73820173030652e-10,"12","Ntrk2","N/A"
"Atp6v0e2",9.25552539372794e-13,0.971008213483568,0.152,0.035,2.63282675349985e-08,"12","Atp6v0e2","N/A"
"Zmynd11",9.17999888738298e-10,0.968861544621203,0.146,0.039,2.61134248350496e-05,"12","Zmynd11","N/A"
"Dnaja1.1",6.34783865070477e-09,0.965578085359901,0.152,0.045,0.000180570618257948,"12","Dnaja1","N/A"
"Pdha1",7.16216571954317e-13,0.965395547571475,0.167,0.042,2.03734966058125e-08,"12","Pdha1","N/A"
"Kidins220",1.2392845058777e-06,0.965155951594796,0.106,0.03,0.035252687054197,"12","Kidins220","N/A"
"Idh3b",6.30789304120147e-16,0.964215153678031,0.192,0.046,1.79434325450017e-11,"12","Idh3b","N/A"
"Smim10l1",2.2114299437497e-08,0.96399100213485,0.116,0.032,0.000629063361799041,"12","Smim10l1","N/A"
"Trim2.2",3.86174129346591e-15,0.95883465388063,0.222,0.06,1.09851092833931e-10,"12","Trim2","N/A"
"Ldhb.10",6.48745757018141e-21,0.956268606204365,0.399,0.132,1.8454221804138e-16,"12","Ldhb","N/A"
"Hspa9",1.72856078887897e-10,0.951943568941506,0.202,0.065,4.91706402004511e-06,"12","Hspa9","N/A"
"Rab18",5.27852666437021e-08,0.947071091555355,0.116,0.033,0.00150152969494675,"12","Rab18","N/A"
"Sparcl1.10",9.30277291729084e-34,0.946948055087121,0.49,0.142,2.64626678405255e-29,"12","Sparcl1","N/A"
"Mgst3",8.81184758773439e-15,0.932085549621421,0.111,0.017,2.50661816480693e-10,"12","Mgst3","N/A"
"Kif21a",1.54034933574159e-12,0.92455552956464,0.141,0.033,4.38167772045052e-08,"12","Kif21a","N/A"
"Gnao1.2",1.63296686580263e-10,0.922554229088221,0.177,0.054,4.64513754646217e-06,"12","Gnao1","N/A"
"Ubqln2",1.47390159343531e-08,0.918440329058383,0.111,0.028,0.000419266047268607,"12","Ubqln2","N/A"
"Rraga",5.7831599438934e-11,0.916364629754622,0.131,0.031,1.64507767763992e-06,"12","Rraga","N/A"
"Ndufb5",9.27331961471031e-08,0.916034053772047,0.131,0.041,0.0026378884976005,"12","Ndufb5","N/A"
"Tspyl1",1.40188967757776e-11,0.91193611628102,0.106,0.02,3.98781537683769e-07,"12","Tspyl1","N/A"
"Ywhah.10",3.46341788925691e-18,0.903770229416005,0.318,0.102,9.85203852778021e-14,"12","Ywhah","N/A"
"Cct7",1.51736386800761e-06,0.901923441564191,0.141,0.05,0.0431629325893445,"12","Cct7","N/A"
"Pafah1b2",7.76798986498334e-10,0.899109896666146,0.126,0.032,2.20968239699316e-05,"12","Pafah1b2","N/A"
"Ppp2r1a",1.14060613121435e-10,0.896813959453075,0.136,0.035,3.24456820085234e-06,"12","Ppp2r1a","N/A"
"Cct8.1",4.5485179646655e-09,0.893815467452568,0.157,0.048,0.000129387142022875,"12","Cct8","N/A"
"Gars",2.8159030257803e-08,0.89075100678743,0.101,0.024,0.000801011774713464,"12","Gars","N/A"
"Celf2.1",6.85753772353797e-11,0.888663380180875,0.177,0.052,1.95069518083761e-06,"12","Celf2","N/A"
"Cltc.2",1.1497980630831e-06,0.88146510981207,0.187,0.074,0.0327071557024618,"12","Cltc","N/A"
"Pcmt1",3.83404633553452e-13,0.867308260296707,0.136,0.031,1.09063282060615e-08,"12","Pcmt1","N/A"
"Mtch1.2",9.67886567566968e-17,0.862303948695357,0.222,0.057,2.753250130101e-12,"12","Mtch1","N/A"
"Cisd1",4.48850581763485e-07,0.862116299318187,0.106,0.029,0.0127680036488441,"12","Cisd1","N/A"
"Ywhaz.10",9.57827040493503e-18,0.860537487322926,0.343,0.116,2.72463479938782e-13,"12","Ywhaz","N/A"
"Cox5a",2.14193110799328e-11,0.85838917172227,0.182,0.051,6.09293722979767e-07,"12","Cox5a","N/A"
"Nars.1",3.10907374588471e-08,0.854964071389819,0.152,0.051,0.000884407117754364,"12","Nars","N/A"
"Ankrd12",7.6475193165773e-12,0.853792879576421,0.167,0.044,2.17541334479358e-07,"12","Ankrd12","N/A"
"Psip1.1",3.04977961223988e-11,0.853016203993032,0.177,0.052,8.67540308497756e-07,"12","Psip1","N/A"
"Cfap36.1",2.03538558849312e-07,0.852143445658824,0.141,0.047,0.00578985784502752,"12","Cfap36","N/A"
"Ppig.3",1.03980208369055e-08,0.850002474030662,0.172,0.058,0.000295782100726613,"12","Ppig","N/A"
"Atp5b.9",3.80635145265085e-22,0.846126610547284,0.389,0.126,1.08275473422106e-17,"12","Atp5b","N/A"
"Slc25a4.10",2.05077018621799e-28,0.843598961527219,0.535,0.19,5.83362087171569e-24,"12","Slc25a4","N/A"
"Timm17a",3.86798559167403e-07,0.842621428271661,0.111,0.031,0.011002871814076,"12","Timm17a","N/A"
"Ppm1b",3.4803297727225e-09,0.841530925863916,0.111,0.026,9.90014607148642e-05,"12","Ppm1b","N/A"
"Spag9",5.88018733165629e-09,0.841167732830468,0.141,0.04,0.000167267808836295,"12","Spag9","N/A"
"Ndufs7",3.72286723984485e-08,0.836443509645599,0.126,0.036,0.00105900681504627,"12","Ndufs7","N/A"
"Zranb2",1.46098995376939e-09,0.833751827744468,0.126,0.033,4.15593202249239e-05,"12","Zranb2","N/A"
"Caprin1",6.86839395725055e-08,0.831820840058951,0.126,0.038,0.00195378334507949,"12","Caprin1","N/A"
"Fam168b.1",9.35595174340158e-07,0.828655831365308,0.141,0.048,0.0266139403292801,"12","Fam168b","N/A"
"Ndufs3",7.81618490933008e-09,0.825766994731399,0.121,0.032,0.000222339195930804,"12","Ndufs3","N/A"
"Dtna",5.33871012193787e-09,0.824710033352123,0.121,0.033,0.000151864948128645,"12","Dtna","N/A"
"Ndufb2",1.40350460880934e-08,0.823629050719552,0.126,0.035,0.000399240921021905,"12","Ndufb2","N/A"
"Ank2.2",1.05904942548204e-08,0.823221215569801,0.172,0.059,0.000301257199572622,"12","Ank2","N/A"
"Elavl3.2",5.52872956009086e-09,0.81715163623528,0.121,0.034,0.000157270241066345,"12","Elavl3","N/A"
"Reep5.1",3.11522743677876e-08,0.815758136075884,0.146,0.046,0.000886157596666086,"12","Reep5","N/A"
"Atp6ap1.1",1.37726963019144e-08,0.815569900857018,0.162,0.055,0.000391778119004258,"12","Atp6ap1","N/A"
"Atp5g1.2",1.33730255545419e-08,0.815424854456935,0.172,0.057,0.0003804090849245,"12","Atp5g1","N/A"
"Sdha.3",2.42177888484369e-13,0.815347535190628,0.212,0.066,6.88899221582636e-09,"12","Sdha","N/A"
"Purb.2",1.45387050743211e-14,0.808190168261749,0.222,0.062,4.13568004544139e-10,"12","Purb","N/A"
"Pin1",1.01350281112984e-07,0.802258144772672,0.111,0.031,0.00288301009653995,"12","Pin1","N/A"
"Cdip1",3.25735490348524e-10,0.801854404969537,0.131,0.034,9.26587175845412e-06,"12","Cdip1","N/A"
"Tax1bp1.1",8.9829417012928e-11,0.799930604655493,0.167,0.05,2.55528759634975e-06,"12","Tax1bp1","N/A"
"Acat1",1.68805491632921e-06,0.797043264942667,0.101,0.03,0.0480184101499007,"12","Acat1","N/A"
"Ndufa10",3.76620393038425e-11,0.790898536290624,0.162,0.046,1.07133437003711e-06,"12","Ndufa10","N/A"
"Atp5pb.9",1.03392133450716e-15,0.789529420721614,0.338,0.126,2.94109262813907e-11,"12","Atp5pb","N/A"
"Npepps",5.03861576224129e-09,0.786557698301127,0.146,0.044,0.000143328463972716,"12","Npepps","N/A"
"Tafa5",9.13098679925929e-08,0.785648249982294,0.121,0.036,0.0025974005049173,"12","Tafa5","N/A"
"Morf4l2.1",7.09761268446917e-07,0.772621303311388,0.126,0.04,0.020189869042241,"12","Morf4l2","N/A"
"Pak1.2",2.69796078436609e-11,0.770102060476016,0.167,0.048,7.67461924720778e-07,"12","Pak1","N/A"
"Ppp2r2c.1",2.07912359111276e-16,0.767614863730138,0.207,0.051,5.91427496727935e-12,"12","Ppp2r2c","N/A"
"Cox7b.3",1.07250942397956e-19,0.765303996196947,0.273,0.075,3.05086030745226e-15,"12","Cox7b","N/A"
"Olfm1.1",9.504212529892e-28,0.764807017792819,0.318,0.072,2.70356829625308e-23,"12","Olfm1","N/A"
"Psmd14",1.17107562096257e-07,0.763104360880748,0.116,0.033,0.00333124171139012,"12","Psmd14","N/A"
"Ghitm.5",5.96478772993795e-18,0.757601699491966,0.273,0.078,1.69674351765815e-13,"12","Ghitm","N/A"
"Matr3.2",1.21069435836479e-14,0.757371741890367,0.232,0.068,3.44394117180448e-10,"12","Matr3","N/A"
"Syt11.11",8.53413637921662e-18,0.752263927252571,0.313,0.109,2.42762043443196e-13,"12","Syt11","N/A"
"Pcsk1n",1.9454428105094e-18,0.7467339321784,0.197,0.044,5.53400661877505e-14,"12","Pcsk1n","N/A"
"Psmd12",3.6187512477117e-08,0.725680536003628,0.126,0.039,0.00102938997992407,"12","Psmd12","N/A"
"Inpp5f",7.74913402212093e-09,0.722829862818265,0.106,0.025,0.000220431866393252,"12","Inpp5f","N/A"
"Map1a.2",1.39775838913469e-12,0.717176530518737,0.207,0.065,3.97606351373255e-08,"12","Map1a","N/A"
"Myl12b.1",4.43256203466312e-08,0.711558069121019,0.146,0.047,0.00126088659638027,"12","Myl12b","N/A"
"Srp9",9.79922173156959e-07,0.709081655465326,0.111,0.034,0.0278748661376229,"12","Srp9","N/A"
"Mef2c.3",2.18624164399583e-09,0.702487550514051,0.192,0.069,6.21898298051055e-05,"12","Mef2c","N/A"
"Atp5md.11",4.91410686111648e-13,0.693728332673687,0.273,0.096,1.3978668377132e-08,"12","Atp5md","N/A"
"Phyhipl.2",1.12214678551699e-09,0.692317738608559,0.157,0.048,3.19205874608163e-05,"12","Phyhipl","N/A"
"Ssb.1",1.35734688529416e-09,0.688258518348443,0.192,0.072,3.86110894990777e-05,"12","Ssb","N/A"
"Itm2c.8",3.27302857873383e-14,0.685018833125324,0.318,0.123,9.31045709506625e-10,"12","Itm2c","N/A"
"Tagln3.2",1.18297838443624e-19,0.68219305437351,0.273,0.078,3.36510031236733e-15,"12","Tagln3","N/A"
"App.12",2.10464138738562e-19,0.681426896058433,0.389,0.143,5.98686289055714e-15,"12","App","N/A"
"Psmc1",2.71063238461433e-08,0.68094184423835,0.121,0.035,0.000771066488127394,"12","Psmc1","N/A"
"Sub1.7",1.5062084309228e-12,0.676106729061912,0.273,0.099,4.28456050260299e-08,"12","Sub1","N/A"
"Slc22a17.1",2.76018369100264e-09,0.673632828416389,0.136,0.041,7.85161852742611e-05,"12","Slc22a17","N/A"
"Basp1.11",5.41736910127781e-14,0.669552083326534,0.323,0.126,1.54102481454948e-09,"12","Basp1","N/A"
"Dynlt3.1",7.21729916935695e-10,0.667755731037317,0.167,0.055,2.05303292171528e-05,"12","Dynlt3","N/A"
"Gnaq.1",1.16535133258054e-09,0.661996955929636,0.146,0.047,3.31495840065859e-05,"12","Gnaq","N/A"
"Kras",2.24129838742831e-08,0.660610407745492,0.106,0.028,0.000637559739287858,"12","Kras","N/A"
"Coa3",8.12654372649025e-07,0.648821323379329,0.126,0.042,0.0231167662843742,"12","Coa3","N/A"
"Ppp2ca.3",4.81097923647252e-10,0.644262664683216,0.212,0.075,1.36853115360697e-05,"12","Ppp2ca","N/A"
"Sec62.3",8.41724911796286e-08,0.644102061607559,0.192,0.074,0.00239437068409572,"12","Sec62","N/A"
"Aco2",2.39977721800883e-08,0.638069804575969,0.172,0.06,0.000682640627434791,"12","Aco2","N/A"
"Fkbp4",3.53573317955367e-09,0.638050938641757,0.136,0.04,0.000100577466025584,"12","Fkbp4","N/A"
"Sptbn1.2",1.01089437444301e-11,0.63802765897546,0.187,0.058,2.8755901375406e-07,"12","Sptbn1","N/A"
"Mapre2.1",2.33374759913712e-09,0.630535738846402,0.157,0.05,6.63857842050544e-05,"12","Mapre2","N/A"
"Hspd1",4.99952241458185e-07,0.625693927012703,0.136,0.048,0.0142216414605195,"12","Hspd1","N/A"
"Tecr.2",1.29096973637249e-10,0.622439737039595,0.172,0.057,3.67229251208518e-06,"12","Tecr","N/A"
"Atp6v1c1.1",4.01770642007724e-09,0.616641110999892,0.162,0.054,0.000114287676825517,"12","Atp6v1c1","N/A"
"Ndufa13.4",7.11038206209546e-09,0.614750381752743,0.207,0.078,0.000202261928138368,"12","Ndufa13","N/A"
"Mtpn.4",4.69150515017157e-09,0.610172559493718,0.187,0.07,0.000133454555501781,"12","Mtpn","N/A"
"Atp6v0d1.1",3.46927426700646e-09,0.607700516859551,0.162,0.056,9.86869757992658e-05,"12","Atp6v0d1","N/A"
"Arl6ip1.8",3.64677731516165e-11,0.607315631682674,0.263,0.105,1.03736227507088e-06,"12","Arl6ip1","N/A"
"Mpc2",4.65877864284418e-11,0.606244119766084,0.126,0.032,1.32523617274346e-06,"12","Mpc2","N/A"
"Ndufa5.1",2.95897757915368e-11,0.60510515112729,0.187,0.061,8.41710762166054e-07,"12","Ndufa5","N/A"
"Ube2d3.3",4.49360686069333e-08,0.592541500946311,0.177,0.064,0.00127825140759283,"12","Ube2d3","N/A"
"Thra.2",4.51209308574038e-08,0.586040562317517,0.192,0.076,0.00128350999916971,"12","Thra","N/A"
"Ncam1.2",2.51763235044214e-11,0.58269761241898,0.197,0.067,7.16165698406772e-07,"12","Ncam1","N/A"
"Hsp90ab1.7",8.74921842496589e-22,0.581398349521276,0.596,0.278,2.4888026731658e-17,"12","Hsp90ab1","N/A"
"Tspan7.4",2.02641964407874e-18,0.580294200715728,0.268,0.08,5.76435331954639e-14,"12","Tspan7","N/A"
"Rrp1.1",3.88332228883676e-09,0.575213097114657,0.177,0.062,0.00011046498582825,"12","Rrp1","N/A"
"Cox7a2.3",9.12230058270733e-16,0.574001905950379,0.237,0.07,2.59492962375693e-11,"12","Cox7a2","N/A"
"Atp6v1d",1.21532097680695e-11,0.572951271021339,0.177,0.053,3.45710205062504e-07,"12","Atp6v1d","N/A"
"Kif5c",9.93747027350953e-17,0.570226680349154,0.172,0.039,2.82681279400252e-12,"12","Kif5c","N/A"
"Atrx.2",5.32122670300027e-07,0.566598531331667,0.141,0.055,0.0151367614793546,"12","Atrx","N/A"
"Pgk1",5.24469371471484e-08,0.563592713247742,0.101,0.028,0.00149190557408778,"12","Pgk1","N/A"
"Ndufv3",5.99900785045726e-09,0.55730969024768,0.152,0.05,0.000170647777314107,"12","Ndufv3","N/A"
"Slc25a3.7",4.48544332114246e-11,0.5570942918643,0.288,0.118,1.27592920713218e-06,"12","Slc25a3","N/A"
"Dynlrb1.11",1.53172816730372e-19,0.556742081359435,0.379,0.139,4.35715394471215e-15,"12","Dynlrb1","N/A"
"Hspa8.10",1.01919261349803e-22,0.553094209469642,0.616,0.286,2.89919530835648e-18,"12","Hspa8","N/A"
"Ubl5",8.94999521395542e-07,0.552409679924905,0.121,0.043,0.0254591563856176,"12","Ubl5","N/A"
"Pafah1b1.3",5.13940252107733e-11,0.551649263256074,0.217,0.079,1.46195444114566e-06,"12","Pafah1b1","N/A"
"Atxn10.2",4.14957751376649e-07,0.540738426439667,0.167,0.066,0.0118038881956601,"12","Atxn10","N/A"
"Hp1bp3.2",4.73652725469305e-07,0.538109492994064,0.152,0.057,0.0134735254286999,"12","Hp1bp3","N/A"
"Uqcr10.2",1.7100343842085e-12,0.537737923358807,0.212,0.07,4.86436380931951e-08,"12","Uqcr10","N/A"
"Ndufa6.2",3.09768611566468e-08,0.535690954018296,0.162,0.056,0.000881167792461974,"12","Ndufa6","N/A"
"Pebp1.5",1.55339805354823e-09,0.534533257878822,0.227,0.09,4.41879610312331e-05,"12","Pebp1","N/A"
"Tpi1.9",1.75883908419869e-15,0.533689171052654,0.278,0.098,5.00319365891159e-11,"12","Tpi1","N/A"
"Ndufb8.1",2.26310230230397e-11,0.533484569415688,0.187,0.059,6.43762080913388e-07,"12","Ndufb8","N/A"
"Timm8b",1.87363032362409e-09,0.532241705484154,0.141,0.042,5.3297288185811e-05,"12","Timm8b","N/A"
"Ndufb6",1.12873705206671e-09,0.527314113996918,0.152,0.05,3.21080541830896e-05,"12","Ndufb6","N/A"
"Pkm.10",7.00601210269493e-16,0.513768952669234,0.369,0.157,1.9929302027326e-11,"12","Pkm","N/A"
"Ndufb3.2",3.28336044617801e-08,0.513209553389893,0.167,0.058,0.000933984712519797,"12","Ndufb3","N/A"
"Atpif1.3",1.8847386913702e-13,0.510422777634494,0.212,0.066,5.36132768147168e-09,"12","Atpif1","N/A"
"Prkacb.1",2.57806404674092e-09,0.501155547120314,0.141,0.045,7.33356098735922e-05,"12","Prkacb","N/A"
"Prkar1a.2",4.63314105525479e-08,0.497916825146503,0.192,0.08,0.00131794330457778,"12","Prkar1a","N/A"
"Anks1b.2",1.58456313343727e-08,0.495103454884414,0.157,0.058,0.000450744828937567,"12","Anks1b","N/A"
"Dpysl2.2",5.34129268624136e-09,0.495030113950511,0.192,0.075,0.000151938411752822,"12","Dpysl2","N/A"
"Uqcrb.9",2.03920200577373e-12,0.494273862749047,0.283,0.112,5.80071402562396e-08,"12","Uqcrb","N/A"
"Morf4l1.2",3.1982696173242e-08,0.492700984911813,0.197,0.079,0.000909779775344041,"12","Morf4l1","N/A"
"Arf1.8",3.29610890071165e-07,0.49006762431718,0.217,0.097,0.00937611137896436,"12","Arf1","N/A"
"Slc24a2.1",3.18045872946118e-09,0.486112978209452,0.126,0.038,9.04713290182528e-05,"12","Slc24a2","N/A"
"Psmd7",4.2158957564511e-09,0.479467432860922,0.146,0.048,0.000119925370688008,"12","Psmd7","N/A"
"Rabep1",1.1424470089069e-08,0.479239790925039,0.111,0.031,0.000324980476153656,"12","Rabep1","N/A"
"Tuba1b.9",2.68818115627856e-14,0.478598164244176,0.359,0.154,7.64680011714999e-10,"12","Tuba1b","N/A"
"Skp1.4",5.58192737055691e-11,0.474027088506616,0.212,0.077,1.58783505982862e-06,"12","Skp1","N/A"
"Slc1a2.12",5.69149304268834e-16,0.472773044202196,0.343,0.136,1.61900211092312e-11,"12","Slc1a2","N/A"
"Map4.3",8.4633503638383e-14,0.469835652231045,0.212,0.068,2.40748464449744e-09,"12","Map4","N/A"
"Hint1.3",5.92076728358773e-09,0.46975980570781,0.172,0.064,0.000168422146148937,"12","Hint1","N/A"
"Luc7l3.1",2.26822039426371e-10,0.467230169279256,0.192,0.07,6.45217973352254e-06,"12","Luc7l3","N/A"
"Calm3.11",3.13621510916571e-18,0.463577666344873,0.348,0.127,8.92127749953279e-14,"12","Calm3","N/A"
"Apbb1.1",2.85819495541511e-08,0.463549481055149,0.116,0.037,0.000813042137017382,"12","Apbb1","N/A"
"Fkbp2.2",5.94498525638765e-09,0.458890688412083,0.146,0.048,0.000169111050603203,"12","Fkbp2","N/A"
"Malat1.12",2.5062832820963e-15,0.45307840143869,0.667,0.388,7.12937342425113e-11,"12","Malat1","N/A"
"Idh3g",1.44208207431807e-06,0.45217043470103,0.116,0.042,0.0410214666860519,"12","Idh3g","N/A"
"Taok1.1",7.21623568725847e-09,0.443004916276306,0.136,0.047,0.000205273040359754,"12","Taok1","N/A"
"Rab2a.10",1.75433798964084e-10,0.433390478593834,0.242,0.098,4.99038984533232e-06,"12","Rab2a","N/A"
"Aldoa.8",1.13846096763205e-18,0.433313896462456,0.49,0.22,3.23846606852613e-14,"12","Aldoa","N/A"
"BC031181",3.6538250507352e-08,0.429385570240923,0.126,0.041,0.00103936707393214,"12","BC031181","N/A"
"Cspg5.1",2.73929833638693e-11,0.42869284690355,0.172,0.055,7.79220804768627e-07,"12","Cspg5","N/A"
"Mgll",6.44718941857726e-09,0.424885000012257,0.141,0.046,0.000183396750200849,"12","Mgll","N/A"
"Psma2.1",1.1536850382149e-07,0.424270000040815,0.197,0.082,0.0032817724597061,"12","Psma2","N/A"
"Atp6v0b.3",2.03207194785413e-08,0.420063317876873,0.192,0.081,0.000578043186286587,"12","Atp6v0b","N/A"
"Pink1.4",8.89296799212059e-11,0.417289386603504,0.197,0.07,2.52969367503862e-06,"12","Pink1","N/A"
"Ap2m1",1.33332217033521e-09,0.416179149816318,0.136,0.045,3.79276824573555e-05,"12","Ap2m1","N/A"
"Suclg1",1.37491155162193e-07,0.414817512704058,0.111,0.034,0.00391107339974374,"12","Suclg1","N/A"
"Psma7.4",8.05288226170846e-09,0.411905968270419,0.207,0.084,0.000229072288816559,"12","Psma7","N/A"
"Vti1b",1.67456986364397e-09,0.403296849630301,0.121,0.034,4.76348143412163e-05,"12","Vti1b","N/A"
"Strap",1.94869709337087e-07,0.397215985071683,0.101,0.033,0.00554326375180278,"12","Strap","N/A"
"Gpi1.9",2.27662924740406e-12,0.39240260360514,0.253,0.101,6.47609955716559e-08,"12","Gpi1","N/A"
"Ppia.10",1.19492851107596e-18,0.390944550451452,0.48,0.218,3.39909364260668e-14,"12","Ppia","N/A"
"Bsg.10",1.16634579079563e-14,0.379161596345408,0.268,0.104,3.31778723649724e-10,"12","Bsg","N/A"
"Ndufv2.2",2.68076841307419e-10,0.376277989959444,0.187,0.066,7.62571382783083e-06,"12","Ndufv2","N/A"
"Rsrp1.10",9.10885281731676e-09,0.366429801010332,0.237,0.11,0.000259110427241393,"12","Rsrp1","N/A"
"Rap1gds1",2.79144894010718e-07,0.365886421674001,0.106,0.035,0.00794055565502888,"12","Rap1gds1","N/A"
"Gnas.10",1.0189661152418e-24,0.364295287147559,0.702,0.363,2.89855101141682e-20,"12","Gnas","N/A"
"Eif4h.3",6.8908328381801e-08,0.36383134631348,0.177,0.072,0.00196016630914871,"12","Eif4h","N/A"
"Oxct1.10",5.13147359469298e-08,0.354966354021512,0.242,0.12,0.00145969897874636,"12","Oxct1","N/A"
"Csnk1a1.4",8.12627701134984e-12,0.354820103946917,0.212,0.08,2.31160075864858e-07,"12","Csnk1a1","N/A"
"Ubl3.3",6.2848368055104e-07,0.353131109070135,0.182,0.088,0.0178778467769549,"12","Ubl3","N/A"
"Ndufa1",9.41774808782069e-08,0.353059902627818,0.126,0.042,0.00267897262106147,"12","Ndufa1","N/A"
"Osbpl1a.2",8.39542636695713e-07,0.346334816790112,0.131,0.048,0.0238816298434462,"12","Osbpl1a","N/A"
"Ndufs8",2.32890992961911e-07,0.344383728497608,0.121,0.045,0.00662481718579453,"12","Ndufs8","N/A"
"Anp32a",1.11022215788531e-06,0.343256618995851,0.136,0.051,0.0315813795032056,"12","Anp32a","N/A"
"Nap1l1.1",3.35793247796379e-08,0.336207041106147,0.172,0.071,0.000955197472681579,"12","Nap1l1","N/A"
"Ank3.2",9.72299914622448e-08,0.33073927623256,0.146,0.058,0.00276580433713502,"12","Ank3","N/A"
"Ndufab1",5.0657074696028e-07,0.324041066545017,0.111,0.038,0.0144099114680321,"12","Ndufab1","N/A"
"Gnb1.9",3.01136216783939e-12,0.323468174924022,0.253,0.099,8.56612082263594e-08,"12","Gnb1","N/A"
"Ndufa12.2",5.51159246035521e-09,0.310812663422617,0.172,0.065,0.000156782759127264,"12","Ndufa12","N/A"
"Atp5o.3",7.35336891439085e-08,0.309331857380363,0.167,0.066,0.00209173932138762,"12","Atp5o","N/A"
"Ddb1",1.61996466307405e-06,0.308276317177791,0.116,0.043,0.0460815148058044,"12","Ddb1","N/A"
"Ndufa8.2",9.57760541532646e-10,0.305916240967937,0.172,0.062,2.72444563644377e-05,"12","Ndufa8","N/A"
"Chchd2.11",1.97153878576087e-11,0.305027830873686,0.348,0.168,5.60823922997538e-07,"12","Chchd2","N/A"
"Atp5j.10",2.83888910908375e-15,0.300672948438634,0.278,0.1,8.07550395969963e-11,"12","Atp5j","N/A"
"Ndufc2.4",1.13836643975568e-07,0.289725947571569,0.187,0.079,0.003238197174529,"12","Ndufc2","N/A"
"Spop",2.33585100076925e-07,0.275498229668022,0.157,0.066,0.00664456175678821,"12","Spop","N/A"
"Ubb.6",2.95514017899726e-23,0.272506839362339,0.742,0.415,8.40619175317562e-19,"12","Ubb","N/A"
"Dync1li2",4.21228943794164e-09,0.26254878614725,0.121,0.04,0.000119822785351688,"12","Dync1li2","N/A"
"Pdap1.3",3.25893931469428e-08,0.261534156946107,0.152,0.059,0.000927037877457935,"12","Pdap1","N/A"
"Arf3",1.91329023666592e-07,0.261503722310709,0.136,0.047,0.00544254540721986,"12","Arf3","N/A"
"Ahcyl1",3.04847868725471e-07,0.259462339913831,0.121,0.044,0.00867170247376474,"12","Ahcyl1","N/A"
"Ttll7.1",5.23512639863451e-07,0.25874839152852,0.131,0.052,0.0148918405535557,"12","Ttll7","N/A"
"Atp5h.10",4.87716143617037e-16,0.25403348455726,0.288,0.11,1.38735734213302e-11,"12","Atp5h","N/A"
"Kif1b.11",2.77501535792972e-09,0.254015984363624,0.237,0.11,7.8938086871669e-05,"12","Kif1b","N/A"
"Sf3b2.2",5.87980266276575e-09,0.253591521307427,0.167,0.066,0.000167256866545035,"12","Sf3b2","N/A"
"Cox6c.6",7.64632842207552e-15,0.249499918934867,0.263,0.094,2.1750745829436e-10,"12","Cox6c","N/A"
"Prnp.11",3.17622995058917e-14,0.24496705754296,0.253,0.1,9.03510371744595e-10,"12","Prnp","N/A"
"Ndufb4",1.75169197895966e-06,0.243284443137723,0.111,0.038,0.0498286300334866,"12","Ndufb4","N/A"
"Cox5b.11",7.3122118469268e-24,0.232723287985849,0.404,0.148,2.0800317819768e-19,"12","Cox5b","N/A"
"Prdx5.11",1.28134568052475e-14,0.219239523863025,0.288,0.122,3.6449159228207e-10,"12","Prdx5","N/A"
"Ndufc1.2",3.98033627531601e-08,0.21826148397147,0.152,0.058,0.00113224645687639,"12","Ndufc1","N/A"
"Psmc5.2",2.25047932600189e-09,0.208208147725408,0.167,0.062,6.40171349074498e-05,"12","Psmc5","N/A"
"Ndufb10.2",6.88176736873015e-07,0.204687560941577,0.157,0.065,0.0195758754570898,"12","Ndufb10","N/A"
"Zcrb1",1.08316434231444e-07,-0.214270226832242,0.106,0.043,0.00308116928814766,"12","Zcrb1","N/A"
"Gapdh.10",9.66436085605084e-10,-0.217556880238125,0.288,0.167,2.74912408911222e-05,"12","Gapdh","N/A"
"Cops9.4",4.23927562397375e-07,-0.222485380119523,0.177,0.089,0.0120590434399557,"12","Cops9","N/A"
"Hpca.1",9.92807604670753e-07,-0.224186682663756,0.146,0.065,0.0282414051224642,"12","Hpca","N/A"
"Mrfap1.9",6.71839198114862e-11,-0.226516986863835,0.273,0.144,1.91111378295754e-06,"12","Mrfap1","N/A"
"Hsbp1.10",8.14720659471882e-11,-0.242803473194225,0.242,0.126,2.31755438793372e-06,"12","Hsbp1","N/A"
"Fkbp1a.11",6.39003595088172e-07,-0.292071402783837,0.192,0.11,0.0181770962658782,"12","Fkbp1a","N/A"
"Cox4i1.12",1.914609825281e-13,-0.300209031261469,0.475,0.278,5.44629910899433e-09,"12","Cox4i1","N/A"
"Ubc.7",1.12971929754358e-07,-0.300922047894797,0.303,0.204,0.00321359951379248,"12","Ubc","N/A"
"Bc1.12",8.26881811724989e-20,-0.304330227545681,0.338,0.142,2.3521480016329e-15,"12","Bc1","N/A"
"Psap.11",6.51465487211367e-08,-0.305655179666672,0.278,0.187,0.00185315872492145,"12","Psap","N/A"
"Ncl.10",9.89841515216077e-10,-0.312880653113366,0.278,0.165,2.81570317418365e-05,"12","Ncl","N/A"
"Timp2.12",3.87761165482425e-07,-0.346392164280001,0.227,0.157,0.0110302541133131,"12","Timp2","N/A"
"Eloc.4",4.68430497270546e-08,-0.347630207223494,0.162,0.081,0.00133249739253579,"12","Eloc","N/A"
"Akr1a1.12",1.5483107341493e-09,-0.354847250442007,0.263,0.163,4.4043247143611e-05,"12","Akr1a1","N/A"
"mt-Nd5.3",1.74291822403871e-08,-0.367715721666846,0.177,0.081,0.000495790518010052,"12","mt-Nd5","N/A"
"Selenow.2",5.71981654195562e-09,-0.378073813151815,0.157,0.069,0.00016270590135247,"12","Selenow","N/A"
"Zfp706.4",9.27388913749199e-07,-0.405031215097727,0.162,0.091,0.0263805050405097,"12","Zfp706","N/A"
"Aldoc.12",2.94182232549929e-14,-0.414068186373605,0.338,0.185,8.36830778711528e-10,"12","Aldoc","N/A"
"Selenok.11",2.17798017589621e-08,-0.424155228206863,0.202,0.121,0.000619548240835436,"12","Selenok","N/A"
"mt-Rnr2.10",2.97759497471962e-10,-0.440718416388287,0.854,0.711,8.47006666508744e-06,"12","mt-Rnr2","N/A"
"Stmn4.2",1.3229376828791e-06,-0.4459659240696,0.126,0.067,0.0376322853271788,"12","Stmn4","N/A"
"Septin8.2",3.51891448038687e-07,-0.469094315863706,0.126,0.064,0.0100099041309085,"12","Septin8","N/A"
"Cox6a1.12",2.56461871410603e-09,-0.498091165855384,0.283,0.159,7.29531439414603e-05,"12","Cox6a1","N/A"
"Cox8a.11",1.25235002680719e-07,-0.503938553555061,0.237,0.137,0.00356243488625573,"12","Cox8a","N/A"
"Camk1d.11",1.8340866389521e-11,-0.510220588113281,0.47,0.381,5.21724285316315e-07,"12","Camk1d","N/A"
"Cdc42.10",3.65912925281603e-08,-0.51953977272739,0.263,0.175,0.00104087590725605,"12","Cdc42","N/A"
"Aplp1.12",3.04445224768603e-11,-0.523621405560489,0.273,0.174,8.66024886376768e-07,"12","Aplp1","N/A"
"Rpl3.7",1.7387289445298e-13,-0.565928488508959,0.369,0.248,4.94598835560946e-09,"12","Rpl3","N/A"
"Eef1b2.10",4.70326666110505e-07,-0.600936413974956,0.253,0.183,0.0133789123441794,"12","Eef1b2","N/A"
"Rpl21.9",9.39985891883095e-09,-0.614339249867371,0.313,0.223,0.000267388386805065,"12","Rpl21","N/A"
"Rpl4.11",2.89913654345049e-08,-0.652979230447118,0.379,0.314,0.000824688381149926,"12","Rpl4","N/A"
"Rpl8.10",1.6277804078609e-07,-0.67478424710379,0.263,0.204,0.0046303841482011,"12","Rpl8","N/A"
"mt-Co1.12",4.09783027395405e-10,-0.691486693325798,0.333,0.225,1.16566879972897e-05,"12","mt-Co1","N/A"
"mt-Rnr1.11",8.16900212778318e-18,-0.692865418345647,0.828,0.616,2.3237543452692e-13,"12","mt-Rnr1","N/A"
"Cd81.12",2.69122144622013e-12,-0.694680374369126,0.343,0.262,7.65544852591778e-08,"12","Cd81","N/A"
"Clu.12",2.5715165503022e-14,-0.719537252348315,0.439,0.315,7.31493597898963e-10,"12","Clu","N/A"
"Gphn.11",9.9155568878324e-10,-0.743074049698956,0.404,0.326,2.82057931231281e-05,"12","Gphn","N/A"
"Rpl29.11",1.35825548704447e-07,-0.757401401818041,0.232,0.175,0.00386369355844669,"12","Rpl29","N/A"
"Prdx6.11",1.04595079505131e-07,-0.764377295979216,0.268,0.227,0.00297531163160294,"12","Prdx6","N/A"
"Marcks.10",2.36458595553329e-09,-0.766781228656149,0.273,0.232,6.72630120911001e-05,"12","Marcks","N/A"
"Rps21.11",1.65775914102966e-09,-0.808195842042385,0.303,0.221,4.71566165257298e-05,"12","Rps21","N/A"
"Rpl17.9",5.56051616868368e-10,-0.810816623198232,0.343,0.284,1.58174442934376e-05,"12","Rpl17","N/A"
"Rpl31.9",1.36298101979008e-08,-0.822220739646195,0.338,0.293,0.000387713580889487,"12","Rpl31","N/A"
"Glul.12",5.04625810985435e-10,-0.825106391207063,0.434,0.379,1.43545858192917e-05,"12","Glul","N/A"
"Kif5a.12",9.14219106286881e-28,-0.832597301375678,0.49,0.272,2.60058766974366e-23,"12","Kif5a","N/A"
"Itm2b.12",3.86440366679166e-21,-0.870020191058335,0.465,0.385,1.09926826705555e-16,"12","Itm2b","N/A"
"Rpl9.10",4.26453969238447e-09,-0.907993290870562,0.303,0.24,0.000121309096089568,"12","Rpl9","N/A"
"Gpm6b.11",4.55849971476131e-07,-0.925543535682369,0.227,0.186,0.01296710828861,"12","Gpm6b","N/A"
"Rn18s.11",1.11596561614846e-24,-0.937142396238811,0.904,0.749,3.17447579169591e-20,"12","Rn18s","N/A"
"Lars2.11",1.3189360004458e-08,-0.937322937644288,0.364,0.333,0.000375184534686811,"12","Lars2","N/A"
"Rps14.10",1.40300348887634e-16,-0.970601101132331,0.47,0.398,3.99098372445765e-12,"12","Rps14","N/A"
"Rps4x.10",7.45295785046117e-07,-1.01514520380531,0.268,0.258,0.0212006839014219,"12","Rps4x","N/A"
"Rpl14.10",1.33094572949018e-06,-1.01631682440115,0.232,0.221,0.0378600822210777,"12","Rpl14","N/A"
"Rpl23.10",1.50611140598556e-14,-1.01884222997213,0.374,0.3,4.28428450546653e-10,"12","Rpl23","N/A"
"Actb.12",4.86480526903928e-31,-1.0504793921165,0.662,0.6,1.38384250683091e-26,"12","Actb","N/A"
"Rapgef4",1.62619335397476e-12,-1.06115922137357,0.121,0.053,4.6258696147166e-08,"12","Rapgef4","N/A"
"Cmss1.12",5.35570658944627e-09,-1.06362399690052,0.298,0.294,0.000152348429643389,"12","Cmss1","N/A"
"Cst3.10",2.81684969626927e-20,-1.07322037784923,0.606,0.623,8.01281064600756e-16,"12","Cst3","N/A"
"Rplp1.9",1.2032885234839e-06,-1.08414551229559,0.253,0.243,0.0342287453390231,"12","Rplp1","N/A"
"Fau.10",2.20176168366405e-07,-1.10777097298051,0.253,0.261,0.00626313128535076,"12","Fau","N/A"
"Eef1a1.9",3.32757961065795e-31,-1.11251317118287,0.606,0.591,9.46563296047759e-27,"12","Eef1a1","N/A"
"Rps24.10",1.22743878847191e-08,-1.13199579234174,0.298,0.288,0.000349157237768719,"12","Rps24","N/A"
"Scd2.12",8.86998919273299e-11,-1.1557564471341,0.283,0.264,2.52315712576483e-06,"12","Scd2","N/A"
"Rpl5.12",2.51750959954611e-08,-1.20154734044563,0.253,0.269,0.000716130780686887,"12","Rpl5","N/A"
"Rps5.8",5.00501283944716e-08,-1.21878603303375,0.263,0.275,0.00142372595230914,"12","Rps5","N/A"
"Qk.12",1.10384838344298e-09,-1.2208287643034,0.278,0.299,3.14000711154191e-05,"12","Qk","N/A"
"Npm1.10",2.4963937521254e-07,-1.22233654117508,0.207,0.2,0.00710124166729591,"12","Npm1","N/A"
"Rps9.9",3.16342006502978e-08,-1.22249693188672,0.268,0.272,0.00089986647169837,"12","Rps9","N/A"
"Rplp0.11",6.59092127337586e-11,-1.26437901136776,0.298,0.329,1.8748534654245e-06,"12","Rplp0","N/A"
"Septin4.11",5.44324160841775e-07,-1.26717428496221,0.187,0.174,0.0154838450793051,"12","Septin4","N/A"
"Rps8.9",6.66281264777967e-07,-1.30015892859742,0.237,0.277,0.0189530368578741,"12","Rps8","N/A"
"Rpl18a.9",5.40253687743579e-16,-1.30619625572794,0.359,0.373,1.53680564015538e-11,"12","Rpl18a","N/A"
"Ctsb.12",5.30246463820569e-25,-1.31198544133084,0.424,0.412,1.50833909098399e-20,"12","Ctsb","N/A"
"Rpsa.10",1.33747106386701e-11,-1.31264670715052,0.263,0.264,3.8045701882761e-07,"12","Rpsa","N/A"
"Rps3.8",1.5649214032758e-12,-1.34791525636647,0.313,0.316,4.45157542375835e-08,"12","Rps3","N/A"
"B2m.9",9.94765286913824e-10,-1.35624487126593,0.227,0.298,2.82970933515506e-05,"12","B2m","N/A"
"Tpt1.10",1.17085986068939e-10,-1.35728050735104,0.328,0.387,3.33062795971704e-06,"12","Tpt1","N/A"
"Tmsb4x.12",5.08532508581331e-33,-1.3783758982594,0.571,0.589,1.44657157391045e-28,"12","Tmsb4x","N/A"
"Qdpr.12",2.56213185777931e-11,-1.39347389367294,0.268,0.24,7.28824028263902e-07,"12","Qdpr","N/A"
"Fth1.12",4.81805582890912e-62,-1.46454118941667,0.899,0.893,1.37054416109149e-57,"12","Fth1","N/A"
"Rps2.12",5.02967150991417e-10,-1.47131635921952,0.268,0.32,1.43074035771019e-05,"12","Rps2","N/A"
"Apoe.11",8.29202501511471e-38,-1.52042502331918,0.621,0.678,2.35874943579953e-33,"12","Apoe","N/A"
"H2-D1.12",3.61718260058033e-07,-1.60406331237755,0.146,0.225,0.0102894376256108,"12","H2-D1","N/A"
"Sparc.12",1.13389323518983e-06,-1.61213258373767,0.152,0.23,0.0322547269682099,"12","Sparc","N/A"
"Mal.11",1.36942712529836e-07,-1.64869970139177,0.157,0.201,0.00389547240062371,"12","Mal","N/A"
"Plp1.12",1.37356990415587e-30,-1.69574134828195,0.586,0.648,3.9072569493618e-26,"12","Plp1","N/A"
"Mbp.11",2.80625161317047e-41,-1.73881742882833,0.652,0.673,7.98266333882471e-37,"12","Mbp","N/A"
"Hexb.12",3.52441179904085e-11,-1.75112055981289,0.192,0.321,1.00255418035516e-06,"12","Hexb","N/A"
"Rps12.10",7.3870405134814e-15,-1.76032786445629,0.268,0.352,2.10131754446492e-10,"12","Rps12","N/A"
"Ptgds.12",1.27123857411098e-13,-1.77875951025488,0.242,0.251,3.6161652479161e-09,"12","Ptgds","N/A"
"Cd63.12",1.7786702434852e-09,-1.80437909541383,0.182,0.319,5.05960537461801e-05,"12","Cd63","N/A"
"Ctss.10",2.27913414780136e-20,-1.82676194300628,0.293,0.421,6.48322499683575e-16,"12","Ctss","N/A"
"Mog.12",4.09766768089659e-07,-1.83769635159148,0.101,0.134,0.0116562254850784,"12","Mog","N/A"
"C1qb.11",5.55884031958237e-09,-1.86661638590195,0.146,0.288,0.00015812677173084,"12","C1qb","N/A"
"Trf.12",7.41305225630195e-11,-1.88052253815562,0.227,0.341,2.10871684482765e-06,"12","Trf","N/A"
"Ctsz.12",1.84819295777779e-08,-1.91069902869016,0.131,0.223,0.000525736968769471,"12","Ctsz","N/A"
"Cnp.12",2.84877644214258e-10,-1.97284050689455,0.167,0.27,8.1036294673188e-06,"12","Cnp","N/A"
"Grn.12",3.88692429336344e-07,-2.02481407241159,0.091,0.173,0.0110567448449016,"12","Grn","N/A"
"Apod.12",6.31078130421509e-09,-2.06564850812177,0.146,0.227,0.000179516484979702,"12","Apod","N/A"
"Mobp.11",4.37588089205493e-18,-2.08129144036128,0.308,0.405,1.24476307855395e-13,"12","Mobp","N/A"
"C1qc.11",9.6798509150897e-08,-2.09483159847363,0.101,0.204,0.00275353039130642,"12","C1qc","N/A"
"Ctsd.12",1.00957168294489e-26,-2.10519766839052,0.298,0.426,2.87182760930504e-22,"12","Ctsd","N/A"
"Ftl1.12",1.25991957633866e-28,-2.15254136758027,0.348,0.457,3.58396722685296e-24,"12","Ftl1","N/A"
"Cd9.11",6.3599465402379e-08,-2.15738642514034,0.106,0.21,0.00180915039283607,"12","Cd9","N/A"
"Cldn11.12",3.44288592442152e-13,-2.16359338177892,0.162,0.246,9.79363330060944e-09,"12","Cldn11","N/A"
"Tyrobp.12",5.35660995791769e-07,-2.21641231061364,0.091,0.183,0.0152374126862927,"12","Tyrobp","N/A"
